run_id,block,order_in_block,seed,transaction_count,transaction_size_bytes,branching_factor,hash_algorithm,build_total_ns,build_internal_ns,build_throughput_tx_per_sec,config_wall_ns,root_digest,timestamp_utc
smoke-20260922T090346Z,0,0,20260922,256,256,4,sha256,317377,107867,806611.6952394156,70529182,609af4fea0d48503e1ff1eef8c3974ec1ac184eeeac3d6c4c4a9a357381ee871,2026-09-22T09:03:46Z
smoke-20260922T090346Z,0,1,20260922,256,256,2,nullhash,191578,135622,1336270.3441940097,14304033,000102030405060708090a0b0c0d0e0f101112131415161718191a1b1c1d1e1f,2026-09-22T09:03:46Z
smoke-20260922T090346Z,0,2,20260922,256,256,3,blake2s,436691,147364,586226.8743802826,71970678,67e3dcdd108378e86e346f95e9ce3fc91ec21179113e56325d99bd33dd0aceb7,2026-09-22T09:03:46Z
smoke-20260922T090346Z,0,3,20260922,1024,256,4,nullhash,430686,195505,2377602.2438621176,15023187,000102030405060708090a0b0c0d0e0f101112131415161718191a1b1c1d1e1f,2026-09-22T09:03:46Z
smoke-20260922T090346Z,0,4,20260922,1024,256,2,sha256,1540312,905629,664800.378105215,79329066,a9dd655839a2872ffc45da99244417c45a7855d3865f4a2cf22abf5df10d1fd2,2026-09-22T09:03:46Z
smoke-20260922T090346Z,0,5,20260922,1024,256,4,blake2s,1688436,458595,606478.4214503837,79143901,ef680baa48caaa7e4edb74c7209ac4540dcc21210bcab3cd6b2a1f3035ac050e,2026-09-22T09:03:47Z
smoke-20260922T090346Z,0,6,20260922,256,256,3,nullhash,134355,91199,1905399.8734695395,14294729,000102030405060708090a0b0c0d0e0f101112131415161718191a1b1c1d1e1f,2026-09-22T09:03:47Z
smoke-20260922T090346Z,0,7,20260922,256,256,4,blake2s,401318,113606,637898.1256758979,75097797,f6a1cda84db87366e15b7033878ef53ec28ac6bd0c4a4156b3c2b99784ad8184,2026-09-22T09:03:47Z
smoke-20260922T090346Z,0,8,20260922,1024,256,3,blake2s,1614753,532060,634152.715616568,82954075,484d7646303e2f3e07ef1dcd186e4792dcb534db5f2e5e691f223f4aee0b7cdf,2026-09-22T09:03:47Z
smoke-20260922T090346Z,0,9,20260922,1024,256,4,sha256,1054057,354994,971484.4643126511,72815274,28ab631f26bfbb806f01a9ca8c940d6e2334a40cef7b69af5a5a4fee806103f5,2026-09-22T09:03:47Z
smoke-20260922T090346Z,0,10,20260922,1024,256,3,sha256,1209718,500613,846478.2701422976,80898352,a22db1daadb8e33880544b64c728faa0e7c344f083cc2fde38d077b6b3299184,2026-09-22T09:03:47Z
smoke-20260922T090346Z,0,11,20260922,1024,256,2,blake2s,2054977,975443,498302.4140902794,86072934,dd7ed6687ab8f85abedc44c5db3a9621e0f308fb5f5644e2feb44c1d0f77ad84,2026-09-22T09:03:47Z
smoke-20260922T090346Z,0,12,20260922,1024,256,3,nullhash,524296,268255,1953095.1981323524,15893126,000102030405060708090a0b0c0d0e0f101112131415161718191a1b1c1d1e1f,2026-09-22T09:03:47Z
smoke-20260922T090346Z,0,13,20260922,256,256,2,blake2s,548281,260455,466913.86351159355,75437398,13a4059082bfd60bd9b0ebfd39a45fe6d4edd69b87878eedbdfc1afc2c14c97e,2026-09-22T09:03:47Z
smoke-20260922T090346Z,0,14,20260922,256,256,4,nullhash,115943,56538,2207981.508154869,14332756,000102030405060708090a0b0c0d0e0f101112131415161718191a1b1c1d1e1f,2026-09-22T09:03:47Z
smoke-20260922T090346Z,0,15,20260922,256,256,2,sha256,407344,236778,628461.4478180604,70749373,7dd20797ce6292cd51079feb8540e5f66a66a1d876d8b1df690f72cab456f9f7,2026-09-22T09:03:47Z
smoke-20260922T090346Z,0,16,20260922,256,256,3,sha256,324968,143012,787769.8727259298,73534097,f174402425a266c520876ed96dc89d795910ed9f7f9df238a4f583b96df5e240,2026-09-22T09:03:47Z
smoke-20260922T090346Z,0,17,20260922,1024,256,2,nullhash,699207,478882,1464516.2305297288,15456625,000102030405060708090a0b0c0d0e0f101112131415161718191a1b1c1d1e1f,2026-09-22T09:03:47Z
smoke-20260922T090346Z,1,0,20260922,1024,256,2,nullhash,735788,488518,1391705.2194382078,15371895,000102030405060708090a0b0c0d0e0f101112131415161718191a1b1c1d1e1f,2026-09-22T09:03:47Z
smoke-20260922T090346Z,1,1,20260922,256,256,4,nullhash,128443,68207,1993101.9985518868,15626729,000102030405060708090a0b0c0d0e0f101112131415161718191a1b1c1d1e1f,2026-09-22T09:03:47Z
smoke-20260922T090346Z,1,2,20260922,256,256,4,blake2s,399144,121466,641372.5372296715,73744458,f6a1cda84db87366e15b7033878ef53ec28ac6bd0c4a4156b3c2b99784ad8184,2026-09-22T09:03:47Z
smoke-20260922T090346Z,1,3,20260922,1024,256,3,nullhash,515652,292420,1985835.4083761917,15658468,000102030405060708090a0b0c0d0e0f101112131415161718191a1b1c1d1e1f,2026-09-22T09:03:47Z
smoke-20260922T090346Z,1,4,20260922,256,256,3,sha256,356537,174536,718018.0458129171,75504007,f174402425a266c520876ed96dc89d795910ed9f7f9df238a4f583b96df5e240,2026-09-22T09:03:47Z
smoke-20260922T090346Z,1,5,20260922,1024,256,2,sha256,1597617,915299,640954.6217898283,82422226,a9dd655839a2872ffc45da99244417c45a7855d3865f4a2cf22abf5df10d1fd2,2026-09-22T09:03:48Z
smoke-20260922T090346Z,1,6,20260922,256,256,2,sha256,407315,239791,628506.1929955931,76333180,7dd20797ce6292cd51079feb8540e5f66a66a1d876d8b1df690f72cab456f9f7,2026-09-22T09:03:48Z
smoke-20260922T090346Z,1,7,20260922,1024,256,2,blake2s,2205073,1083636,464383.71881565824,87378220,dd7ed6687ab8f85abedc44c5db3a9621e0f308fb5f5644e2feb44c1d0f77ad84,2026-09-22T09:03:48Z
smoke-20260922T090346Z,1,8,20260922,256,256,3,nullhash,138002,91511,1855045.579049579,14714323,000102030405060708090a0b0c0d0e0f101112131415161718191a1b1c1d1e1f,2026-09-22T09:03:48Z
smoke-20260922T090346Z,1,9,20260922,1024,256,4,blake2s,1740270,468780,588414.4414372483,85556709,ef680baa48caaa7e4edb74c7209ac4540dcc21210bcab3cd6b2a1f3035ac050e,2026-09-22T09:03:48Z
smoke-20260922T090346Z,1,10,20260922,256,256,2,blake2s,572900,294567,446849.3628905568,82332943,13a4059082bfd60bd9b0ebfd39a45fe6d4edd69b87878eedbdfc1afc2c14c97e,2026-09-22T09:03:48Z
smoke-20260922T090346Z,1,11,20260922,1024,256,4,sha256,1146566,386102,893101.66183194,75913243,28ab631f26bfbb806f01a9ca8c940d6e2334a40cef7b69af5a5a4fee806103f5,2026-09-22T09:03:48Z
smoke-20260922T090346Z,1,12,20260922,1024,256,3,blake2s,1667616,553221,614050.2369850134,81002263,484d7646303e2f3e07ef1dcd186e4792dcb534db5f2e5e691f223f4aee0b7cdf,2026-09-22T09:03:48Z
smoke-20260922T090346Z,1,13,20260922,256,256,3,blake2s,438312,149422,584058.8439285258,76134922,67e3dcdd108378e86e346f95e9ce3fc91ec21179113e56325d99bd33dd0aceb7,2026-09-22T09:03:48Z
smoke-20260922T090346Z,1,14,20260922,256,256,2,nullhash,181769,150180,1408380.9670515875,15381970,000102030405060708090a0b0c0d0e0f101112131415161718191a1b1c1d1e1f,2026-09-22T09:03:48Z
smoke-20260922T090346Z,1,15,20260922,1024,256,3,sha256,1257889,537575,814062.2900748793,78778507,a22db1daadb8e33880544b64c728faa0e7c344f083cc2fde38d077b6b3299184,2026-09-22T09:03:48Z
smoke-20260922T090346Z,1,16,20260922,256,256,4,sha256,284256,105452,900596.6452774964,72695541,609af4fea0d48503e1ff1eef8c3974ec1ac184eeeac3d6c4c4a9a357381ee871,2026-09-22T09:03:48Z
smoke-20260922T090346Z,1,17,20260922,1024,256,4,nullhash,494412,229730,2071147.1404415753,17197921,000102030405060708090a0b0c0d0e0f101112131415161718191a1b1c1d1e1f,2026-09-22T09:03:48Z
smoke-20260922T090346Z,2,0,20260922,256,256,3,sha256,317773,150976,805606.5178602337,73589464,f174402425a266c520876ed96dc89d795910ed9f7f9df238a4f583b96df5e240,2026-09-22T09:03:48Z
smoke-20260922T090346Z,2,1,20260922,1024,256,2,sha256,1602463,915501,639016.3142612341,86593363,a9dd655839a2872ffc45da99244417c45a7855d3865f4a2cf22abf5df10d1fd2,2026-09-22T09:03:48Z
smoke-20260922T090346Z,2,2,20260922,1024,256,3,nullhash,485111,283077,2110857.102807399,14962306,000102030405060708090a0b0c0d0e0f101112131415161718191a1b1c1d1e1f,2026-09-22T09:03:49Z
smoke-20260922T090346Z,2,3,20260922,256,256,3,nullhash,136992,81788,1868722.261153936,14067297,000102030405060708090a0b0c0d0e0f101112131415161718191a1b1c1d1e1f,2026-09-22T09:03:49Z
smoke-20260922T090346Z,2,4,20260922,1024,256,4,nullhash,421723,184253,2428134.1069849166,13662515,000102030405060708090a0b0c0d0e0f101112131415161718191a1b1c1d1e1f,2026-09-22T09:03:49Z
smoke-20260922T090346Z,2,5,20260922,256,256,4,sha256,293159,116853,873246.2588561157,73630208,609af4fea0d48503e1ff1eef8c3974ec1ac184eeeac3d6c4c4a9a357381ee871,2026-09-22T09:03:49Z
smoke-20260922T090346Z,2,6,20260922,256,256,2,blake2s,546718,262847,468248.7132305869,77907294,13a4059082bfd60bd9b0ebfd39a45fe6d4edd69b87878eedbdfc1afc2c14c97e,2026-09-22T09:03:49Z
smoke-20260922T090346Z,2,7,20260922,1024,256,2,nullhash,724547,495317,1413296.8599690567,15150584,000102030405060708090a0b0c0d0e0f101112131415161718191a1b1c1d1e1f,2026-09-22T09:03:49Z
smoke-20260922T090346Z,2,8,20260922,256,256,4,nullhash,114524,56478,2235339.3175229644,13747607,000102030405060708090a0b0c0d0e0f101112131415161718191a1b1c1d1e1f,2026-09-22T09:03:49Z
smoke-20260922T090346Z,2,9,20260922,1024,256,3,blake2s,1640378,543535,624246.3627285906,82201108,484d7646303e2f3e07ef1dcd186e4792dcb534db5f2e5e691f223f4aee0b7cdf,2026-09-22T09:03:49Z
smoke-20260922T090346Z,2,10,20260922,1024,256,4,blake2s,1661433,426352,616335.4164748143,82262046,ef680baa48caaa7e4edb74c7209ac4540dcc21210bcab3cd6b2a1f3035ac050e,2026-09-22T09:03:49Z
smoke-20260922T090346Z,2,11,20260922,256,256,2,sha256,430659,262675,594437.8266795771,76617068,7dd20797ce6292cd51079feb8540e5f66a66a1d876d8b1df690f72cab456f9f7,2026-09-22T09:03:49Z
smoke-20260922T090346Z,2,12,20260922,1024,256,3,sha256,1264730,536690,809658.9785962221,80475193,a22db1daadb8e33880544b64c728faa0e7c344f083cc2fde38d077b6b3299184,2026-09-22T09:03:49Z
smoke-20260922T090346Z,2,13,20260922,1024,256,4,sha256,1080659,353517,947569.9549996806,78993351,28ab631f26bfbb806f01a9ca8c940d6e2334a40cef7b69af5a5a4fee806103f5,2026-09-22T09:03:49Z
smoke-20260922T090346Z,2,14,20260922,256,256,3,blake2s,441459,154010,579895.301715448,79205172,67e3dcdd108378e86e346f95e9ce3fc91ec21179113e56325d99bd33dd0aceb7,2026-09-22T09:03:49Z
smoke-20260922T090346Z,2,15,20260922,1024,256,2,blake2s,2262339,1051761,452628.89425501664,87057078,dd7ed6687ab8f85abedc44c5db3a9621e0f308fb5f5644e2feb44c1d0f77ad84,2026-09-22T09:03:49Z
smoke-20260922T090346Z,2,16,20260922,256,256,2,nullhash,189075,141551,1353960.0687557848,13958633,000102030405060708090a0b0c0d0e0f101112131415161718191a1b1c1d1e1f,2026-09-22T09:03:49Z
smoke-20260922T090346Z,2,17,20260922,256,256,4,blake2s,411339,131046,622357.714683023,76913976,f6a1cda84db87366e15b7033878ef53ec28ac6bd0c4a4156b3c2b99784ad8184,2026-09-22T09:03:49Z
