run_id,block,seed,proof_seed,transaction_count,transaction_size_bytes,branching_factor,hash_algorithm,proof_sample_count,generation_batch_reps,verification_batch_reps,proof_generation_ns,proof_verification_ns,mean_serialized_bytes,verification_success,timestamp_utc
pilot-20260922T090406Z,0,20260922,20260923,4096,256,8,blake2s,8,3011,1980,4942.756061109266,6445.3476641414145,907.0,True,2026-09-22T09:04:15Z
pilot-20260922T090406Z,0,20260922,20260923,4096,256,16,sha3_256,8,3928,1665,4533.937309063136,8635.747522522523,1449.0,True,2026-09-22T09:04:15Z
pilot-20260922T090406Z,0,20260922,20260923,4096,256,16,blake2s,8,3724,1970,4560.254967776585,7356.008946700507,1449.0,True,2026-09-22T09:04:15Z
pilot-20260922T090406Z,0,20260922,20260923,4096,256,16,sha256,8,3683,2130,4552.936634537062,5313.368427230047,1449.0,True,2026-09-22T09:04:16Z
pilot-20260922T090406Z,0,20260922,20260923,32768,256,4,sha256,8,2191,1769,8333.10685759927,7598.052642736009,723.0,True,2026-09-22T09:04:16Z
pilot-20260922T090406Z,0,20260922,20260923,32768,256,2,blake2s,8,1231,1224,13934.411149471975,12227.810763888889,513.0,True,2026-09-22T09:04:16Z
pilot-20260922T090406Z,0,20260922,20260923,262144,256,8,sha256,8,2372,1713,7235.262647554806,7271.944541739638,1359.0,True,2026-09-22T09:04:17Z
pilot-20260922T090406Z,0,20260922,20260923,4096,256,4,blake2s,8,2620,2017,6368.619704198473,6763.711576598909,591.0,True,2026-09-22T09:04:18Z
pilot-20260922T090406Z,0,20260922,20260923,262144,256,3,sha256,8,1557,1400,11834.809248554913,10184.553839285714,667.0,True,2026-09-22T09:04:18Z
pilot-20260922T090406Z,0,20260922,20260923,32768,256,4,blake2s,8,2188,1487,8404.153050731262,8552.787239408204,723.0,True,2026-09-22T09:04:19Z
pilot-20260922T090406Z,0,20260922,20260923,32768,256,3,sha3_256,8,1868,1236,9776.847430406851,12197.087580906149,591.0,True,2026-09-22T09:04:20Z
pilot-20260922T090406Z,0,20260922,20260923,4096,256,2,sha3_256,8,1613,1056,11003.19180099194,13743.070785984848,411.0,True,2026-09-22T09:04:20Z
pilot-20260922T090406Z,0,20260922,20260923,262144,256,4,sha3_256,8,1726,1171,9283.944452491309,11526.16780529462,885.0,True,2026-09-22T09:04:21Z
pilot-20260922T090406Z,0,20260922,20260923,262144,256,2,blake2s,8,1075,1090,16603.086744186046,14470.364334862385,615.0,True,2026-09-22T09:04:22Z
pilot-20260922T090406Z,0,20260922,20260923,32768,256,2,sha3_256,8,1321,899,13713.163796366389,16795.08982202447,513.0,True,2026-09-22T09:04:24Z
pilot-20260922T090406Z,0,20260922,20260923,262144,256,2,sha256,8,1098,1042,16411.94637978142,13957.363123800384,615.0,True,2026-09-22T09:04:24Z
pilot-20260922T090406Z,0,20260922,20260923,262144,256,3,sha3_256,8,1396,1054,11826.90759312321,14321.587286527514,667.0,True,2026-09-22T09:04:26Z
pilot-20260922T090406Z,0,20260922,20260923,32768,256,2,sha256,8,1315,1282,13666.343631178706,11721.608326833073,513.0,True,2026-09-22T09:04:28Z
pilot-20260922T090406Z,0,20260922,20260923,4096,256,8,sha256,8,3379,2219,4990.329942290618,5231.568780982425,907.0,True,2026-09-22T09:04:28Z
pilot-20260922T090406Z,0,20260922,20260923,262144,256,4,sha256,8,1996,1669,9254.832101703407,8503.549430796884,885.0,True,2026-09-22T09:04:28Z
pilot-20260922T090406Z,0,20260922,20260923,4096,256,4,sha256,8,2830,2044,6332.174469964664,5975.537610078278,591.0,True,2026-09-22T09:04:30Z
pilot-20260922T090406Z,0,20260922,20260923,32768,256,16,sha256,8,2952,2049,5678.9867039295395,6492.772449975598,1675.0,True,2026-09-22T09:04:30Z
pilot-20260922T090406Z,0,20260922,20260923,4096,256,3,sha3_256,8,2299,1491,7978.275282731623,10052.571847753186,455.0,True,2026-09-22T09:04:30Z
pilot-20260922T090406Z,0,20260922,20260923,32768,256,3,sha256,8,1870,1672,9768.310895721925,8664.33986244019,591.0,True,2026-09-22T09:04:31Z
pilot-20260922T090406Z,0,20260922,20260923,32768,256,16,sha3_256,8,2902,1435,5706.599974155754,10191.646602787456,1675.0,True,2026-09-22T09:04:31Z
pilot-20260922T090406Z,0,20260922,20260923,262144,256,8,blake2s,8,2426,1625,7209.952802967849,9054.778692307693,1359.0,True,2026-09-22T09:04:31Z
pilot-20260922T090406Z,0,20260922,20260923,32768,256,8,blake2s,8,2831,1942,6070.553382197104,7774.1227471678685,1133.0,True,2026-09-22T09:04:33Z
pilot-20260922T090406Z,0,20260922,20260923,4096,256,4,sha3_256,8,2890,1645,6292.441868512111,8177.344756838906,591.0,True,2026-09-22T09:04:33Z
pilot-20260922T090406Z,0,20260922,20260923,4096,256,8,sha3_256,8,3440,1709,5002.003379360465,7672.717086015214,907.0,True,2026-09-22T09:04:34Z
pilot-20260922T090406Z,0,20260922,20260923,32768,256,3,blake2s,8,1675,1587,9972.939925373134,8899.219990548205,591.0,True,2026-09-22T09:04:34Z
pilot-20260922T090406Z,0,20260922,20260923,32768,256,4,sha3_256,8,2133,1403,8456.232477730895,10351.845064148254,723.0,True,2026-09-22T09:04:35Z
pilot-20260922T090406Z,0,20260922,20260923,32768,256,16,blake2s,8,2988,1631,6048.844628514056,8680.773375229921,1675.0,True,2026-09-22T09:04:35Z
pilot-20260922T090406Z,0,20260922,20260923,262144,256,4,blake2s,8,1943,1469,9166.313368502317,9539.125510551396,885.0,True,2026-09-22T09:04:36Z
pilot-20260922T090406Z,0,20260922,20260923,4096,256,2,blake2s,8,1637,1546,11059.673717165546,10005.252829883571,411.0,True,2026-09-22T09:04:37Z
pilot-20260922T090406Z,0,20260922,20260923,32768,256,8,sha3_256,8,2726,1594,6149.055300807043,9148.043522584692,1133.0,True,2026-09-22T09:04:37Z
pilot-20260922T090406Z,0,20260922,20260923,262144,256,16,sha256,8,2477,1656,6950.074888978603,7629.722524154589,2029.0,True,2026-09-22T09:04:38Z
pilot-20260922T090406Z,0,20260922,20260923,262144,256,2,sha3_256,8,1096,798,16457.204265510947,20663.005325814538,615.0,True,2026-09-22T09:04:39Z
pilot-20260922T090406Z,0,20260922,20260923,4096,256,3,sha256,8,2247,2022,7988.782265242546,7048.112203264095,455.0,True,2026-09-22T09:04:41Z
pilot-20260922T090406Z,0,20260922,20260923,262144,256,8,sha3_256,8,2408,1291,7122.93853820598,10678.974147947327,1359.0,True,2026-09-22T09:04:41Z
pilot-20260922T090406Z,0,20260922,20260923,4096,256,2,sha256,8,1630,1411,11088.834279141105,9535.720411055989,411.0,True,2026-09-22T09:04:42Z
pilot-20260922T090406Z,0,20260922,20260923,32768,256,8,sha256,8,2747,2219,6089.882144157263,6202.764195583596,1133.0,True,2026-09-22T09:04:43Z
pilot-20260922T090406Z,0,20260922,20260923,4096,256,3,blake2s,8,2262,1612,7984.793766578249,7330.309708436725,455.0,True,2026-09-22T09:04:43Z
pilot-20260922T090406Z,0,20260922,20260923,262144,256,16,blake2s,8,2345,1512,7129.386407249467,10315.741898148148,2029.0,True,2026-09-22T09:04:43Z
pilot-20260922T090406Z,0,20260922,20260923,262144,256,3,blake2s,8,1587,1499,11627.466209829867,10281.306120747166,667.0,True,2026-09-22T09:04:45Z
pilot-20260922T090406Z,0,20260922,20260923,262144,256,16,sha3_256,8,2339,1253,7031.1910538691745,12074.474561053472,2029.0,True,2026-09-22T09:04:46Z
pilot-20260922T090406Z,1,20260922,20260923,32768,256,3,sha3_256,8,1885,1217,9712.102055702917,12254.270234182415,591.0,True,2026-09-22T09:04:48Z
pilot-20260922T090406Z,1,20260922,20260923,4096,256,16,sha3_256,8,3821,1699,4548.241559801099,8592.555253090053,1449.0,True,2026-09-22T09:04:48Z
pilot-20260922T090406Z,1,20260922,20260923,262144,256,4,sha3_256,8,1966,1197,9215.871057985758,11477.343671679198,885.0,True,2026-09-22T09:04:49Z
pilot-20260922T090406Z,1,20260922,20260923,4096,256,3,sha256,8,2291,1883,8021.211861632475,7065.043215613383,455.0,True,2026-09-22T09:04:50Z
pilot-20260922T090406Z,1,20260922,20260923,32768,256,2,sha256,8,1321,1296,13556.002365632097,11665.481385030864,513.0,True,2026-09-22T09:04:50Z
pilot-20260922T090406Z,1,20260922,20260923,4096,256,4,blake2s,8,2434,1881,6353.902372637634,6758.539606592238,591.0,True,2026-09-22T09:04:51Z
pilot-20260922T090406Z,1,20260922,20260923,32768,256,8,blake2s,8,2771,1934,6187.105332010105,7710.455985005171,1133.0,True,2026-09-22T09:04:51Z
pilot-20260922T090406Z,1,20260922,20260923,262144,256,2,blake2s,8,1092,1139,16598.05769230769,14516.026009657595,615.0,True,2026-09-22T09:04:52Z
pilot-20260922T090406Z,1,20260922,20260923,4096,256,8,blake2s,8,3381,2276,4890.5060632948835,6446.458589630932,907.0,True,2026-09-22T09:04:53Z
pilot-20260922T090406Z,1,20260922,20260923,32768,256,8,sha256,8,2873,2071,6053.847850678733,6191.351943505553,1133.0,True,2026-09-22T09:04:54Z
pilot-20260922T090406Z,1,20260922,20260923,32768,256,4,sha3_256,8,2199,1344,8349.217542064574,10467.48325892857,723.0,True,2026-09-22T09:04:54Z
pilot-20260922T090406Z,1,20260922,20260923,32768,256,16,blake2s,8,2836,1679,5779.873854019746,8752.758263847529,1675.0,True,2026-09-22T09:04:55Z
pilot-20260922T090406Z,1,20260922,20260923,262144,256,3,sha256,8,1550,1273,11592.197741935484,10205.8198153967,667.0,True,2026-09-22T09:04:55Z
pilot-20260922T090406Z,1,20260922,20260923,262144,256,4,sha256,8,1983,1602,9151.114283913263,8494.368601747816,885.0,True,2026-09-22T09:04:56Z
pilot-20260922T090406Z,1,20260922,20260923,262144,256,4,blake2s,8,1984,1513,9150.767326108871,9581.510327164573,885.0,True,2026-09-22T09:04:57Z
pilot-20260922T090406Z,1,20260922,20260923,262144,256,8,blake2s,8,2444,1595,7104.88666121113,9022.079310344827,1359.0,True,2026-09-22T09:04:59Z
pilot-20260922T090406Z,1,20260922,20260923,32768,256,3,blake2s,8,1726,1643,9777.503258980301,8891.519096165552,591.0,True,2026-09-22T09:05:00Z
pilot-20260922T090406Z,1,20260922,20260923,32768,256,4,sha256,8,2207,1644,8427.656094245582,7617.298205596107,723.0,True,2026-09-22T09:05:00Z
pilot-20260922T090406Z,1,20260922,20260923,262144,256,2,sha3_256,8,1099,820,16364.257734303912,19854.55899390244,615.0,True,2026-09-22T09:05:01Z
pilot-20260922T090406Z,1,20260922,20260923,4096,256,2,blake2s,8,1607,1469,11321.916692594898,10061.484683458135,411.0,True,2026-09-22T09:05:03Z
pilot-20260922T090406Z,1,20260922,20260923,262144,256,8,sha256,8,2506,1633,7095.201915403033,7321.129669320269,1359.0,True,2026-09-22T09:05:03Z
pilot-20260922T090406Z,1,20260922,20260923,262144,256,8,sha3_256,8,2220,1244,7147.262556306307,10743.585811897106,1359.0,True,2026-09-22T09:05:04Z
pilot-20260922T090406Z,1,20260922,20260923,32768,256,3,sha256,8,1725,1436,9731.528768115943,8709.094620473537,591.0,True,2026-09-22T09:05:06Z
pilot-20260922T090406Z,1,20260922,20260923,4096,256,16,blake2s,8,3917,1965,4626.051921113097,7404.7753180661575,1449.0,True,2026-09-22T09:05:06Z
pilot-20260922T090406Z,1,20260922,20260923,4096,256,4,sha256,8,2834,2030,6400.117898729711,6111.847660098522,591.0,True,2026-09-22T09:05:06Z
pilot-20260922T090406Z,1,20260922,20260923,4096,256,2,sha256,8,1618,1424,11250.855145241037,9563.071453651686,411.0,True,2026-09-22T09:05:07Z
pilot-20260922T090406Z,1,20260922,20260923,32768,256,16,sha3_256,8,3026,1463,5703.0054114342365,10206.701982228298,1675.0,True,2026-09-22T09:05:07Z
pilot-20260922T090406Z,1,20260922,20260923,262144,256,16,sha3_256,8,2358,1285,7075.971321034775,12137.499513618677,2029.0,True,2026-09-22T09:05:07Z
pilot-20260922T090406Z,1,20260922,20260923,32768,256,8,sha3_256,8,2768,1565,6134.913746387283,9160.3696485623,1133.0,True,2026-09-22T09:05:09Z
pilot-20260922T090406Z,1,20260922,20260923,32768,256,2,sha3_256,8,1314,952,13553.148877473364,16746.926076680673,513.0,True,2026-09-22T09:05:09Z
pilot-20260922T090406Z,1,20260922,20260923,4096,256,3,sha3_256,8,2268,1452,8023.37819664903,10024.083763774104,455.0,True,2026-09-22T09:05:10Z
pilot-20260922T090406Z,1,20260922,20260923,32768,256,2,blake2s,8,1183,1177,13881.204459002536,12439.97334324554,513.0,True,2026-09-22T09:05:11Z
pilot-20260922T090406Z,1,20260922,20260923,32768,256,4,blake2s,8,2071,1589,8514.381156446161,8497.816393958465,723.0,True,2026-09-22T09:05:11Z
pilot-20260922T090406Z,1,20260922,20260923,4096,256,3,blake2s,8,2080,1883,8005.433954326923,7379.962825278811,455.0,True,2026-09-22T09:05:12Z
pilot-20260922T090406Z,1,20260922,20260923,4096,256,16,sha256,8,3929,1855,4577.586472384831,5353.530660377359,1449.0,True,2026-09-22T09:05:12Z
pilot-20260922T090406Z,1,20260922,20260923,262144,256,16,blake2s,8,2443,1364,7004.777374130168,10332.36482771261,2029.0,True,2026-09-22T09:05:12Z
pilot-20260922T090406Z,1,20260922,20260923,262144,256,3,sha3_256,8,1515,1074,11685.261798679869,14311.741387337057,667.0,True,2026-09-22T09:05:14Z
pilot-20260922T090406Z,1,20260922,20260923,4096,256,2,sha3_256,8,1637,1151,10973.077580940746,13651.763792354473,411.0,True,2026-09-22T09:05:15Z
pilot-20260922T090406Z,1,20260922,20260923,4096,256,8,sha3_256,8,2937,1907,4877.358231188287,7616.686680650236,907.0,True,2026-09-22T09:05:16Z
pilot-20260922T090406Z,1,20260922,20260923,262144,256,3,blake2s,8,1592,1429,11684.664572864322,10346.875524842548,667.0,True,2026-09-22T09:05:16Z
pilot-20260922T090406Z,1,20260922,20260923,32768,256,16,sha256,8,2763,2006,5722.994435396308,6456.417559820538,1675.0,True,2026-09-22T09:05:17Z
pilot-20260922T090406Z,1,20260922,20260923,4096,256,8,sha256,8,3104,2475,4976.368959407217,5192.894191919192,907.0,True,2026-09-22T09:05:18Z
pilot-20260922T090406Z,1,20260922,20260923,262144,256,16,sha256,8,2285,1911,7026.014824945295,7671.198848770277,2029.0,True,2026-09-22T09:05:18Z
pilot-20260922T090406Z,1,20260922,20260923,4096,256,4,sha3_256,8,2576,1781,6325.56085015528,8125.350364963504,591.0,True,2026-09-22T09:05:19Z
pilot-20260922T090406Z,1,20260922,20260923,262144,256,2,sha256,8,1066,1096,16432.037523452156,13835.799498175182,615.0,True,2026-09-22T09:05:19Z
pilot-20260922T090406Z,2,20260922,20260923,4096,256,4,blake2s,8,2769,2062,6308.239842903576,6718.652461202716,591.0,True,2026-09-22T09:05:21Z
pilot-20260922T090406Z,2,20260922,20260923,4096,256,8,sha256,8,3558,2362,4891.897484541877,5226.369866638442,907.0,True,2026-09-22T09:05:21Z
pilot-20260922T090406Z,2,20260922,20260923,32768,256,2,sha3_256,8,1331,921,13683.450225394441,16703.954940282303,513.0,True,2026-09-22T09:05:21Z
pilot-20260922T090406Z,2,20260922,20260923,4096,256,3,sha256,8,2265,1948,7981.454249448124,7033.3720482546205,455.0,True,2026-09-22T09:05:22Z
pilot-20260922T090406Z,2,20260922,20260923,32768,256,16,blake2s,8,2814,1637,5707.418665600569,8707.201282834454,1675.0,True,2026-09-22T09:05:22Z
pilot-20260922T090406Z,2,20260922,20260923,262144,256,2,sha3_256,8,1107,757,16574.22199638663,19836.891347424043,615.0,True,2026-09-22T09:05:23Z
pilot-20260922T090406Z,2,20260922,20260923,262144,256,8,sha3_256,8,2501,1469,7154.940973610555,10709.679288631722,1359.0,True,2026-09-22T09:05:25Z
pilot-20260922T090406Z,2,20260922,20260923,262144,256,8,blake2s,8,2501,1588,7148.540533786485,9024.92545654912,1359.0,True,2026-09-22T09:05:26Z
pilot-20260922T090406Z,2,20260922,20260923,32768,256,8,sha3_256,8,2597,1550,5995.129428186369,9111.403387096774,1133.0,True,2026-09-22T09:05:28Z
pilot-20260922T090406Z,2,20260922,20260923,262144,256,2,sha256,8,1089,1110,16459.55417814509,13860.971171171172,615.0,True,2026-09-22T09:05:28Z
pilot-20260922T090406Z,2,20260922,20260923,262144,256,8,sha256,8,2498,1940,7155.774919935949,7257.965850515464,1359.0,True,2026-09-22T09:05:30Z
pilot-20260922T090406Z,2,20260922,20260923,4096,256,2,sha256,8,1612,1552,11179.941919975186,9561.917364690722,411.0,True,2026-09-22T09:05:31Z
pilot-20260922T090406Z,2,20260922,20260923,32768,256,16,sha3_256,8,2749,1506,5694.71526009458,10171.007802124834,1675.0,True,2026-09-22T09:05:31Z
pilot-20260922T090406Z,2,20260922,20260923,262144,256,3,sha3_256,8,1546,1021,11777.030562742562,14278.121939275221,667.0,True,2026-09-22T09:05:31Z
pilot-20260922T090406Z,2,20260922,20260923,4096,256,16,sha3_256,8,3783,1687,4541.523856727465,8571.346398933018,1449.0,True,2026-09-22T09:05:33Z
pilot-20260922T090406Z,2,20260922,20260923,262144,256,4,sha3_256,8,1855,1322,9272.652425876011,11516.069686081695,885.0,True,2026-09-22T09:05:33Z
pilot-20260922T090406Z,2,20260922,20260923,32768,256,16,sha256,8,2979,2085,5759.577920443102,6445.756894484412,1675.0,True,2026-09-22T09:05:35Z
pilot-20260922T090406Z,2,20260922,20260923,4096,256,8,sha3_256,8,3487,1897,4861.583703756811,7636.6257248286765,907.0,True,2026-09-22T09:05:35Z
pilot-20260922T090406Z,2,20260922,20260923,32768,256,4,blake2s,8,2202,1706,8398.839634423251,8465.038760257914,723.0,True,2026-09-22T09:05:36Z
pilot-20260922T090406Z,2,20260922,20260923,262144,256,3,blake2s,8,1485,1451,11830.196885521886,10259.066505858029,667.0,True,2026-09-22T09:05:36Z
pilot-20260922T090406Z,2,20260922,20260923,4096,256,16,blake2s,8,3816,1890,4517.7419090670855,7296.141732804233,1449.0,True,2026-09-22T09:05:38Z
pilot-20260922T090406Z,2,20260922,20260923,32768,256,3,blake2s,8,1682,1755,9757.01166765755,8924.013176638176,591.0,True,2026-09-22T09:05:38Z
pilot-20260922T090406Z,2,20260922,20260923,4096,256,8,blake2s,8,3377,2296,4981.527983417234,6435.576165069687,907.0,True,2026-09-22T09:05:38Z
pilot-20260922T090406Z,2,20260922,20260923,262144,256,3,sha256,8,1583,1326,11689.005606443461,10087.009332579186,667.0,True,2026-09-22T09:05:39Z
pilot-20260922T090406Z,2,20260922,20260923,32768,256,3,sha3_256,8,1845,1252,9739.045189701897,12207.657048722045,591.0,True,2026-09-22T09:05:40Z
pilot-20260922T090406Z,2,20260922,20260923,262144,256,4,blake2s,8,1802,1386,9206.253052164262,9588.330627705627,885.0,True,2026-09-22T09:05:40Z
pilot-20260922T090406Z,2,20260922,20260923,262144,256,16,blake2s,8,2298,1513,7065.477861183638,10446.735872438863,2029.0,True,2026-09-22T09:05:42Z
pilot-20260922T090406Z,2,20260922,20260923,262144,256,16,sha256,8,2406,1716,7001.520937240232,7638.600888694638,2029.0,True,2026-09-22T09:05:43Z
pilot-20260922T090406Z,2,20260922,20260923,32768,256,3,sha256,8,1844,1560,9885.591987527116,8587.904647435897,591.0,True,2026-09-22T09:05:44Z
pilot-20260922T090406Z,2,20260922,20260923,32768,256,4,sha3_256,8,2211,1479,8378.927408412483,10338.461122379986,723.0,True,2026-09-22T09:05:44Z
pilot-20260922T090406Z,2,20260922,20260923,4096,256,2,sha3_256,8,1632,1119,11083.809666053921,13841.304177837355,411.0,True,2026-09-22T09:05:45Z
pilot-20260922T090406Z,2,20260922,20260923,4096,256,3,sha3_256,8,2290,1443,7992.575491266375,10010.29565142065,455.0,True,2026-09-22T09:05:45Z
pilot-20260922T090406Z,2,20260922,20260923,32768,256,4,sha256,8,2186,1645,8386.487477127173,7575.66094224924,723.0,True,2026-09-22T09:05:46Z
pilot-20260922T090406Z,2,20260922,20260923,4096,256,4,sha3_256,8,2536,1736,6306.120070977918,8117.600878456221,591.0,True,2026-09-22T09:05:46Z
pilot-20260922T090406Z,2,20260922,20260923,4096,256,16,sha256,8,3718,2358,4592.907712479828,5345.323155216285,1449.0,True,2026-09-22T09:05:46Z
pilot-20260922T090406Z,2,20260922,20260923,4096,256,4,sha256,8,2458,2148,6344.066110659072,5986.817097299814,591.0,True,2026-09-22T09:05:47Z
pilot-20260922T090406Z,2,20260922,20260923,32768,256,8,sha256,8,2537,2079,6020.375591249507,6207.546957671958,1133.0,True,2026-09-22T09:05:47Z
pilot-20260922T090406Z,2,20260922,20260923,262144,256,16,sha3_256,8,2455,1191,6857.4849287169045,12061.826511335013,2029.0,True,2026-09-22T09:05:47Z
pilot-20260922T090406Z,2,20260922,20260923,4096,256,3,blake2s,8,2027,1759,7964.6910458806115,7303.624431495167,455.0,True,2026-09-22T09:05:49Z
pilot-20260922T090406Z,2,20260922,20260923,262144,256,2,blake2s,8,1096,1112,16585.747490875914,14430.984037769784,615.0,True,2026-09-22T09:05:49Z
pilot-20260922T090406Z,2,20260922,20260923,32768,256,8,blake2s,8,2855,1936,6012.052933450088,7709.372611053719,1133.0,True,2026-09-22T09:05:51Z
pilot-20260922T090406Z,2,20260922,20260923,262144,256,4,sha256,8,1931,1530,9194.353702744691,8499.823039215686,885.0,True,2026-09-22T09:05:52Z
pilot-20260922T090406Z,2,20260922,20260923,4096,256,2,blake2s,8,1587,1495,11124.923676748582,10004.878260869566,411.0,True,2026-09-22T09:05:53Z
pilot-20260922T090406Z,2,20260922,20260923,32768,256,2,sha256,8,1313,1164,13868.55959634425,11679.395833333334,513.0,True,2026-09-22T09:05:53Z
pilot-20260922T090406Z,2,20260922,20260923,32768,256,2,blake2s,8,1334,1180,13564.781296851574,12147.38093220339,513.0,True,2026-09-22T09:05:53Z
pilot-20260922T090406Z,3,20260922,20260923,32768,256,16,sha256,8,2974,2063,5649.0611550100875,6493.458070770722,1675.0,True,2026-09-22T09:05:54Z
pilot-20260922T090406Z,3,20260922,20260923,4096,256,2,sha256,8,1611,1434,11059.556098696461,9624.935320781033,411.0,True,2026-09-22T09:05:54Z
pilot-20260922T090406Z,3,20260922,20260923,4096,256,2,sha3_256,8,1563,1098,11079.939379398593,13787.55965391621,411.0,True,2026-09-22T09:05:55Z
pilot-20260922T090406Z,3,20260922,20260923,4096,256,2,blake2s,8,1621,1440,11156.888340530537,10015.113975694445,411.0,True,2026-09-22T09:05:55Z
pilot-20260922T090406Z,3,20260922,20260923,4096,256,8,sha256,8,3550,2046,4858.4334154929575,5206.932306940372,907.0,True,2026-09-22T09:05:55Z
pilot-20260922T090406Z,3,20260922,20260923,32768,256,4,blake2s,8,2190,1685,8292.184760273973,8413.533234421366,723.0,True,2026-09-22T09:05:56Z
pilot-20260922T090406Z,3,20260922,20260923,262144,256,8,sha256,8,2454,1863,7060.760594947025,7252.8166935050995,1359.0,True,2026-09-22T09:05:56Z
pilot-20260922T090406Z,3,20260922,20260923,32768,256,3,blake2s,8,1896,1497,9691.511471518987,8870.154141616567,591.0,True,2026-09-22T09:05:57Z
pilot-20260922T090406Z,3,20260922,20260923,262144,256,16,sha256,8,2175,1585,7176.123390804598,7651.683990536278,2029.0,True,2026-09-22T09:05:58Z
pilot-20260922T090406Z,3,20260922,20260923,4096,256,3,sha3_256,8,2273,1452,7978.453750549934,10046.160037878788,455.0,True,2026-09-22T09:05:58Z
pilot-20260922T090406Z,3,20260922,20260923,4096,256,3,sha256,8,2241,1896,7983.661033020972,7038.9353243670885,455.0,True,2026-09-22T09:05:59Z
pilot-20260922T090406Z,3,20260922,20260923,262144,256,16,blake2s,8,2378,1451,6992.274758200168,10388.65799448656,2029.0,True,2026-09-22T09:05:59Z
pilot-20260922T090406Z,3,20260922,20260923,262144,256,3,sha3_256,8,1573,1091,11569.250635727909,14294.681370302475,667.0,True,2026-09-22T09:06:01Z
pilot-20260922T090406Z,3,20260922,20260923,4096,256,8,sha3_256,8,3537,1946,4860.445928753181,7605.446235868448,907.0,True,2026-09-22T09:06:02Z
pilot-20260922T090406Z,3,20260922,20260923,262144,256,8,blake2s,8,2438,1598,7050.689140689089,9038.450641426783,1359.0,True,2026-09-22T09:06:03Z
pilot-20260922T090406Z,3,20260922,20260923,262144,256,4,sha3_256,8,1956,1263,9232.22277607362,11502.36737925574,885.0,True,2026-09-22T09:06:04Z
pilot-20260922T090406Z,3,20260922,20260923,32768,256,16,blake2s,8,2979,1729,5651.8233048002685,8671.008892423366,1675.0,True,2026-09-22T09:06:05Z
pilot-20260922T090406Z,3,20260922,20260923,32768,256,2,sha3_256,8,1333,930,13632.818267066767,16702.71612903226,513.0,True,2026-09-22T09:06:06Z
pilot-20260922T090406Z,3,20260922,20260923,262144,256,16,sha3_256,8,2428,1305,6964.669532537067,12129.74990421456,2029.0,True,2026-09-22T09:06:06Z
pilot-20260922T090406Z,3,20260922,20260923,4096,256,16,sha3_256,8,3776,1676,4544.29929157839,8573.23098150358,1449.0,True,2026-09-22T09:06:08Z
pilot-20260922T090406Z,3,20260922,20260923,32768,256,8,blake2s,8,2888,1806,6063.339421745152,7746.3462763012185,1133.0,True,2026-09-22T09:06:08Z
pilot-20260922T090406Z,3,20260922,20260923,262144,256,2,sha256,8,1082,976,16789.014671903882,13916.475409836066,615.0,True,2026-09-22T09:06:09Z
pilot-20260922T090406Z,3,20260922,20260923,32768,256,2,blake2s,8,1306,1238,13576.039050535988,12145.660440226171,513.0,True,2026-09-22T09:06:10Z
pilot-20260922T090406Z,3,20260922,20260923,262144,256,4,blake2s,8,1804,1499,9177.97699556541,9533.85356904603,885.0,True,2026-09-22T09:06:10Z
pilot-20260922T090406Z,3,20260922,20260923,32768,256,16,sha3_256,8,2896,1459,5688.802529350829,10237.725068540096,1675.0,True,2026-09-22T09:06:12Z
pilot-20260922T090406Z,3,20260922,20260923,4096,256,3,blake2s,8,2189,1887,8011.8912174508905,7361.267951775305,455.0,True,2026-09-22T09:06:12Z
pilot-20260922T090406Z,3,20260922,20260923,262144,256,8,sha3_256,8,2453,1258,7116.728546677537,10668.673290937997,1359.0,True,2026-09-22T09:06:13Z
pilot-20260922T090406Z,3,20260922,20260923,262144,256,2,sha3_256,8,1084,819,16582.256111623617,19770.384157509157,615.0,True,2026-09-22T09:06:14Z
pilot-20260922T090406Z,3,20260922,20260923,4096,256,4,blake2s,8,2799,2019,6277.615710968203,6749.5938583457155,591.0,True,2026-09-22T09:06:16Z
pilot-20260922T090406Z,3,20260922,20260923,4096,256,16,sha256,8,3786,2316,4539.706451399894,5289.559045768567,1449.0,True,2026-09-22T09:06:16Z
pilot-20260922T090406Z,3,20260922,20260923,262144,256,4,sha256,8,1992,1694,9109.255898594378,8480.22328807556,885.0,True,2026-09-22T09:06:17Z
pilot-20260922T090406Z,3,20260922,20260923,32768,256,4,sha3_256,8,2139,1422,8394.238078541375,10385.552478902953,723.0,True,2026-09-22T09:06:18Z
pilot-20260922T090406Z,3,20260922,20260923,262144,256,3,blake2s,8,1493,1396,11788.286001339584,10313.800143266475,667.0,True,2026-09-22T09:06:19Z
pilot-20260922T090406Z,3,20260922,20260923,32768,256,8,sha3_256,8,2839,1552,6119.567893624516,9123.778511597939,1133.0,True,2026-09-22T09:06:20Z
pilot-20260922T090406Z,3,20260922,20260923,32768,256,4,sha256,8,2190,1778,8350.592180365296,7557.992266591676,723.0,True,2026-09-22T09:06:20Z
pilot-20260922T090406Z,3,20260922,20260923,32768,256,8,sha256,8,2460,1987,6132.459552845528,6242.769942123805,1133.0,True,2026-09-22T09:06:21Z
pilot-20260922T090406Z,3,20260922,20260923,4096,256,4,sha256,8,2721,2174,6296.977352076443,5959.342916283349,591.0,True,2026-09-22T09:06:21Z
pilot-20260922T090406Z,3,20260922,20260923,4096,256,4,sha3_256,8,2771,1802,6334.582776975821,8151.964275804661,591.0,True,2026-09-22T09:06:21Z
pilot-20260922T090406Z,3,20260922,20260923,32768,256,3,sha256,8,1668,1601,9722.020833333334,8594.075265459089,591.0,True,2026-09-22T09:06:22Z
pilot-20260922T090406Z,3,20260922,20260923,4096,256,16,blake2s,8,3931,1910,4586.860690663953,7300.474869109948,1449.0,True,2026-09-22T09:06:22Z
pilot-20260922T090406Z,3,20260922,20260923,262144,256,2,blake2s,8,1062,1132,16586.577330508473,14417.935954063605,615.0,True,2026-09-22T09:06:22Z
pilot-20260922T090406Z,3,20260922,20260923,262144,256,3,sha256,8,1585,1290,11752.192981072556,10094.359593023255,667.0,True,2026-09-22T09:06:24Z
pilot-20260922T090406Z,3,20260922,20260923,32768,256,3,sha3_256,8,1866,1177,9747.59050107181,12200.11129991504,591.0,True,2026-09-22T09:06:26Z
pilot-20260922T090406Z,3,20260922,20260923,32768,256,2,sha256,8,1331,1212,13553.586870773854,11674.532900165017,513.0,True,2026-09-22T09:06:26Z
pilot-20260922T090406Z,3,20260922,20260923,4096,256,8,blake2s,8,3552,2158,4892.252956081081,6435.802363299351,907.0,True,2026-09-22T09:06:27Z
pilot-20260922T090406Z,4,20260922,20260923,262144,256,2,sha256,8,1089,1071,16614.643824609735,13855.575746965453,615.0,True,2026-09-22T09:06:27Z
pilot-20260922T090406Z,4,20260922,20260923,4096,256,8,sha3_256,8,3416,1696,4937.838444086651,7641.006191037736,907.0,True,2026-09-22T09:06:28Z
pilot-20260922T090406Z,4,20260922,20260923,4096,256,4,blake2s,8,2857,1990,6276.963554427722,6728.47141959799,591.0,True,2026-09-22T09:06:29Z
pilot-20260922T090406Z,4,20260922,20260923,4096,256,3,blake2s,8,2238,1975,7937.029714030385,7364.495506329114,455.0,True,2026-09-22T09:06:29Z
pilot-20260922T090406Z,4,20260922,20260923,4096,256,4,sha256,8,2815,2121,6314.098046181172,5962.830740216878,591.0,True,2026-09-22T09:06:30Z
pilot-20260922T090406Z,4,20260922,20260923,32768,256,16,sha3_256,8,3026,1421,5616.428205551883,10258.243050668543,1675.0,True,2026-09-22T09:06:30Z
pilot-20260922T090406Z,4,20260922,20260923,4096,256,8,blake2s,8,3556,2155,4953.909413667042,6429.926740139211,907.0,True,2026-09-22T09:06:30Z
pilot-20260922T090406Z,4,20260922,20260923,4096,256,2,blake2s,8,1637,1573,11152.816814294441,9973.701684678957,411.0,True,2026-09-22T09:06:31Z
pilot-20260922T090406Z,4,20260922,20260923,4096,256,16,sha3_256,8,3790,1675,4613.318139841688,8580.499776119403,1449.0,True,2026-09-22T09:06:31Z
pilot-20260922T090406Z,4,20260922,20260923,32768,256,3,blake2s,8,1855,1475,9709.94460916442,8963.656355932204,591.0,True,2026-09-22T09:06:31Z
pilot-20260922T090406Z,4,20260922,20260923,4096,256,3,sha256,8,2268,1764,7984.487158289242,7043.674957482993,455.0,True,2026-09-22T09:06:32Z
pilot-20260922T090406Z,4,20260922,20260923,262144,256,3,sha256,8,1604,1407,11601.391521197007,10066.2842039801,667.0,True,2026-09-22T09:06:32Z
pilot-20260922T090406Z,4,20260922,20260923,4096,256,4,sha3_256,8,2829,1579,6362.600874867444,8232.737887903737,591.0,True,2026-09-22T09:06:33Z
pilot-20260922T090406Z,4,20260922,20260923,32768,256,16,blake2s,8,3022,1642,5638.755873593646,8688.584652862362,1675.0,True,2026-09-22T09:06:34Z
pilot-20260922T090406Z,4,20260922,20260923,4096,256,3,sha3_256,8,2053,1336,7937.5720896249395,10071.129678143712,455.0,True,2026-09-22T09:06:34Z
pilot-20260922T090406Z,4,20260922,20260923,32768,256,4,blake2s,8,2179,1542,8352.04755621845,8509.885295071335,723.0,True,2026-09-22T09:06:35Z
pilot-20260922T090406Z,4,20260922,20260923,262144,256,16,sha3_256,8,2340,1257,7099.6506944444445,12076.603122513921,2029.0,True,2026-09-22T09:06:35Z
pilot-20260922T090406Z,4,20260922,20260923,32768,256,8,sha256,8,2462,1948,6113.1698314378555,6233.88738449692,1133.0,True,2026-09-22T09:06:36Z
pilot-20260922T090406Z,4,20260922,20260923,32768,256,2,blake2s,8,1336,1187,13531.965755988023,12209.503053917439,513.0,True,2026-09-22T09:06:37Z
pilot-20260922T090406Z,4,20260922,20260923,262144,256,2,blake2s,8,1093,1125,16527.548490393412,14456.344333333333,615.0,True,2026-09-22T09:06:37Z
pilot-20260922T090406Z,4,20260922,20260923,262144,256,8,sha256,8,2479,1866,7088.692466720452,7264.193796891747,1359.0,True,2026-09-22T09:06:39Z
pilot-20260922T090406Z,4,20260922,20260923,262144,256,16,blake2s,8,2466,1477,6885.299827656123,10329.088777928233,2029.0,True,2026-09-22T09:06:40Z
pilot-20260922T090406Z,4,20260922,20260923,262144,256,8,sha3_256,8,2391,1275,7220.692179004601,10665.263235294118,1359.0,True,2026-09-22T09:06:41Z
pilot-20260922T090406Z,4,20260922,20260923,262144,256,2,sha3_256,8,1087,837,16566.689512419503,19826.83990442055,615.0,True,2026-09-22T09:06:43Z
pilot-20260922T090406Z,4,20260922,20260923,32768,256,2,sha3_256,8,1282,909,13559.21909126365,16710.394664466447,513.0,True,2026-09-22T09:06:45Z
pilot-20260922T090406Z,4,20260922,20260923,32768,256,16,sha256,8,3006,2130,5701.0733117099135,6458.337676056338,1675.0,True,2026-09-22T09:06:45Z
pilot-20260922T090406Z,4,20260922,20260923,32768,256,2,sha256,8,1330,1268,13679.824154135338,11673.44765378549,513.0,True,2026-09-22T09:06:46Z
pilot-20260922T090406Z,4,20260922,20260923,262144,256,4,sha3_256,8,1921,1250,9104.499804789173,11505.6315,885.0,True,2026-09-22T09:06:46Z
pilot-20260922T090406Z,4,20260922,20260923,262144,256,3,sha3_256,8,1570,1034,11646.323964968153,14322.24758220503,667.0,True,2026-09-22T09:06:48Z
pilot-20260922T090406Z,4,20260922,20260923,262144,256,4,sha256,8,1991,1701,9093.826531893521,8488.267342739566,885.0,True,2026-09-22T09:06:49Z
pilot-20260922T090406Z,4,20260922,20260923,32768,256,3,sha256,8,1781,1656,9806.338784390791,8606.707276570049,591.0,True,2026-09-22T09:06:50Z
pilot-20260922T090406Z,4,20260922,20260923,32768,256,4,sha3_256,8,2200,1452,8288.238693181818,10298.8780130854,723.0,True,2026-09-22T09:06:51Z
pilot-20260922T090406Z,4,20260922,20260923,4096,256,2,sha3_256,8,1560,1138,11045.578365384616,13711.898066783831,411.0,True,2026-09-22T09:06:51Z
pilot-20260922T090406Z,4,20260922,20260923,4096,256,16,sha256,8,3806,2138,4557.419633473463,5296.4568521983165,1449.0,True,2026-09-22T09:06:52Z
pilot-20260922T090406Z,4,20260922,20260923,262144,256,8,blake2s,8,2439,1520,7142.942599425995,9054.61603618421,1359.0,True,2026-09-22T09:06:52Z
pilot-20260922T090406Z,4,20260922,20260923,4096,256,16,blake2s,8,3764,2060,4546.829370350691,7285.086468446602,1449.0,True,2026-09-22T09:06:53Z
pilot-20260922T090406Z,4,20260922,20260923,32768,256,8,blake2s,8,2777,1965,6082.156598847678,7692.470865139949,1133.0,True,2026-09-22T09:06:54Z
pilot-20260922T090406Z,4,20260922,20260923,262144,256,16,sha256,8,2326,1772,7118.0010210662085,7640.783366252822,2029.0,True,2026-09-22T09:06:54Z
pilot-20260922T090406Z,4,20260922,20260923,4096,256,8,sha256,8,3478,2445,4914.805240080506,5218.594734151329,907.0,True,2026-09-22T09:06:55Z
pilot-20260922T090406Z,4,20260922,20260923,32768,256,4,sha256,8,2199,1585,8361.370566166439,7583.027444794952,723.0,True,2026-09-22T09:06:55Z
pilot-20260922T090406Z,4,20260922,20260923,4096,256,2,sha256,8,1629,1327,11236.78591160221,9586.049265259984,411.0,True,2026-09-22T09:06:56Z
pilot-20260922T090406Z,4,20260922,20260923,32768,256,3,sha3_256,8,1753,1288,9703.580077010838,12165.92197204969,591.0,True,2026-09-22T09:06:56Z
pilot-20260922T090406Z,4,20260922,20260923,262144,256,4,blake2s,8,1948,1547,9170.704247946613,9538.758807369102,885.0,True,2026-09-22T09:06:57Z
pilot-20260922T090406Z,4,20260922,20260923,262144,256,3,blake2s,8,1589,1487,11644.484188168659,10275.07985877606,667.0,True,2026-09-22T09:06:58Z
pilot-20260922T090406Z,4,20260922,20260923,32768,256,8,sha3_256,8,2775,1535,6106.243153153153,9158.653175895766,1133.0,True,2026-09-22T09:07:00Z
