hash_algorithm,metric,transaction_count,branching_factor,split,measured_ns,predicted_ns,relative_error_percent
blake2s,build_total_ns,4096,2,train,7204957.0,7269959.315859882,0.9021888105630909
blake2s,build_total_ns,4096,3,train,5954490.0,5800922.997081686,-2.5790118535477293
blake2s,build_total_ns,4096,4,train,5514569.0,5307890.259957496,-3.747867513172905
blake2s,build_total_ns,4096,8,train,5177706.0,4747299.101128243,-8.31269482801374
blake2s,build_total_ns,4096,16,train,4939926.0,4523062.637596542,-8.438656012326055
blake2s,build_total_ns,32768,2,train,58037889.0,58165003.25651391,0.21901943489693174
blake2s,build_total_ns,32768,4,train,42486099.0,42465575.98283929,-0.0483052519383191
blake2s,build_total_ns,32768,8,train,38141539.0,37979409.298977494,-0.4250738309812453
blake2s,build_total_ns,32768,16,train,36639868.0,36185517.59072388,-1.2400437940336475
blake2s,build_total_ns,262144,2,train,467998038.0,465325354.78174615,-0.5710885519254786
blake2s,build_total_ns,262144,3,train,364610247.0,371128072.4330845,1.787614442192155
blake2s,build_total_ns,262144,4,train,341002151.0,339722749.5262103,-0.3751886813727729
blake2s,build_total_ns,262144,16,train,291966436.0,289482282.38928705,-0.850835337358074
blake2s,build_total_ns,32768,3,holdout,45261131.0,46391870.214485705,2.498256648703067
blake2s,build_total_ns,262144,8,holdout,306596070.0,303836290.88177145,-0.9001351903266585
sha256,build_total_ns,4096,2,train,5926207.0,5956328.47630499,0.5082758044899586
sha256,build_total_ns,4096,3,train,4568956.0,4469973.280899375,-2.166418742063291
sha256,build_total_ns,4096,4,train,4177568.0,3971128.044085161,-4.941630056406962
sha256,build_total_ns,4096,8,train,3691196.0,3403927.920593781,-7.782520337750124
sha256,build_total_ns,4096,16,train,3489635.0,3177047.8711972293,-8.957588080208122
sha256,build_total_ns,32768,2,train,47514472.0,47655718.06795844,0.29726957285442823
sha256,build_total_ns,32768,4,train,31417013.0,31771205.891617794,1.1273920013267766
sha256,build_total_ns,32768,8,train,27011795.0,27232150.54439575,0.8157752729714872
sha256,build_total_ns,32768,16,train,25358984.0,25417110.149223335,0.22921324144269772
sha256,build_total_ns,262144,2,train,385148352.0,381250834.801186,-1.0119521941545202
sha256,build_total_ns,262144,3,train,283825292.0,285943034.56349665,0.7461430052881437
sha256,build_total_ns,262144,4,train,252812808.0,254167465.59400582,0.5358342422294614
sha256,build_total_ns,262144,16,train,200808523.0,203334699.65485018,1.2580027068124915
sha256,build_total_ns,32768,3,holdout,35044277.0,35743788.29499396,1.9960785465597117
sha256,build_total_ns,262144,8,holdout,217025848.0,217857931.5348115,0.38340296443006955
sha3_256,build_total_ns,4096,2,train,9124974.0,9156514.493000917,0.34565022323260464
sha3_256,build_total_ns,4096,3,train,7213480.0,7063279.6918568,-2.082217017905371
sha3_256,build_total_ns,4096,4,train,6541487.0,6360755.6832536375,-2.7628476024849165
sha3_256,build_total_ns,4096,8,train,5954908.0,5561967.451897271,-6.598599812167191
sha3_256,build_total_ns,4096,16,train,5778295.0,5242452.159354725,-9.273372865962626
sha3_256,build_total_ns,32768,2,train,73384145.0,73259449.96182844,-0.16992095250487632
sha3_256,build_total_ns,32768,4,train,49863437.0,50889283.133945815,2.057311320007514
sha3_256,build_total_ns,32768,8,train,44665250.0,44496929.10814269,-0.37684976991578717
sha3_256,build_total_ns,32768,16,train,42742983.0,41940806.76780231,-1.8767436802379633
sha3_256,build_total_ns,262144,2,train,588968143.0,586082933.7124486,-0.48987527115730656
sha3_256,build_total_ns,262144,3,train,449303139.0,451860908.65767676,0.5692748248697983
sha3_256,build_total_ns,262144,4,train,401230669.0,407111358.2146266,1.4656629387985818
sha3_256,build_total_ns,262144,16,train,341048939.0,335523547.28547865,-1.6201169634840438
sha3_256,build_total_ns,32768,3,holdout,55759250.0,56483873.015868664,1.299556604274024
sha3_256,build_total_ns,262144,8,holdout,358478036.0,355976622.358106,-0.6977871419419356
blake2s,proof_verification_ns,4096,2,train,10005.252829883571,9954.168576847684,-0.5105743343467534
blake2s,proof_verification_ns,4096,3,train,7361.267951775305,7586.854020640768,3.064500169580958
blake2s,proof_verification_ns,4096,4,train,6749.593858345716,6735.6937421321145,-0.2059400388427036
blake2s,proof_verification_ns,4096,8,train,6435.802363299351,6409.528726141572,-0.40824182712020285
blake2s,proof_verification_ns,4096,16,train,7300.474869109948,7366.436111518275,0.9035198886503235
blake2s,proof_verification_ns,32768,2,train,12209.50305391744,12123.400940891457,-0.7052057126793319
blake2s,proof_verification_ns,32768,4,train,8497.816393958465,8368.51363372329,-1.5215998350717719
blake2s,proof_verification_ns,32768,8,train,7710.455985005171,7692.601127508817,-0.2315668169441252
blake2s,proof_verification_ns,32768,16,train,8688.584652862362,8649.508512885517,-0.44974114355865863
blake2s,proof_verification_ns,262144,2,train,14456.344333333333,14292.633304935229,-1.1324510859956485
blake2s,proof_verification_ns,262144,3,train,10281.306120747166,10700.828505762332,4.080438614395418
blake2s,proof_verification_ns,262144,4,train,9539.125510551396,9464.921052861871,-0.7778958103386444
blake2s,proof_verification_ns,262144,16,train,10332.36482771261,10305.910878710087,-0.2560299548421965
blake2s,proof_verification_ns,32768,3,holdout,8899.219990548205,9231.340473621236,3.732017900734827
blake2s,proof_verification_ns,262144,8,holdout,9038.450641426783,8975.673528876061,-0.6945561251724958
sha256,proof_verification_ns,4096,2,train,9563.071453651686,9605.575357413354,0.44445870730619436
sha256,proof_verification_ns,4096,3,train,7043.674957482993,7045.840089605631,0.030738671726156203
sha256,proof_verification_ns,4096,4,train,5975.537610078278,5955.203002827395,-0.34029753601729246
sha256,proof_verification_ns,4096,8,train,5218.594734151329,5163.350990458045,-1.058594248213224
sha256,proof_verification_ns,4096,16,train,5313.368427230047,5404.8331430123235,1.7214073715185347
sha256,proof_verification_ns,32768,2,train,11674.532900165015,11749.46561407581,0.6418476400861938
sha256,proof_verification_ns,32768,4,train,7583.027444794952,7490.697867058859,-1.2175820067678815
sha256,proof_verification_ns,32768,8,train,6207.546957671958,6196.685155381674,-0.17497736810286368
sha256,proof_verification_ns,32768,16,train,6458.337676056338,6438.1673079359525,-0.3123151673404289
sha256,proof_verification_ns,262144,2,train,13860.971171171172,13893.355870738265,0.2336394698983957
sha256,proof_verification_ns,262144,3,train,10094.359593023257,10030.51412990599,-0.632486514165725
sha256,proof_verification_ns,262144,4,train,8494.368601747816,8417.79733885933,-0.901435603733175
sha256,proof_verification_ns,262144,16,train,7640.783366252822,7683.970859105899,0.5652233649735953
sha256,proof_verification_ns,32768,3,holdout,8606.707276570049,8587.974622157291,-0.2176518128338461
sha256,proof_verification_ns,262144,8,holdout,7264.193796891747,7230.019320305302,-0.4704510581899379
sha3_256,proof_verification_ns,4096,2,train,13743.070785984848,13529.205270297169,-1.5561697892568445
sha3_256,proof_verification_ns,4096,3,train,10046.160037878788,10049.777924442222,0.03601263119234252
sha3_256,proof_verification_ns,4096,4,train,8151.964275804661,8636.775953675546,5.9471761831663565
sha3_256,proof_verification_ns,4096,8,train,7636.625724828676,7739.634565268028,1.3488789964453014
sha3_256,proof_verification_ns,4096,16,train,8580.499776119403,8391.566446763802,-2.2018918977356767
sha3_256,proof_verification_ns,32768,2,train,16710.394664466447,16525.671216457748,-1.1054403664175645
sha3_256,proof_verification_ns,32768,4,train,10351.845064148254,10817.837013732522,4.501535201663197
sha3_256,proof_verification_ns,32768,8,train,9148.043522584692,9288.70783517132,1.5376436747306286
sha3_256,proof_verification_ns,32768,16,train,10206.701982228298,9940.639716667094,-2.606740806427643
sha3_256,proof_verification_ns,262144,2,train,19836.891347424043,19522.137162618325,-1.5867112406530974
sha3_256,proof_verification_ns,262144,3,train,14311.741387337055,14262.873654096857,-0.34145204219129044
sha3_256,proof_verification_ns,262144,4,train,11505.6315,12183.49318768589,5.8915643846745
sha3_256,proof_verification_ns,262144,16,train,12076.60312251392,11856.547178470231,-1.82216755664883
sha3_256,proof_verification_ns,32768,3,holdout,12200.11129991504,12242.302552996065,0.3458267883287241
sha3_256,proof_verification_ns,262144,8,holdout,10678.974147947329,10837.781105074613,1.4870993686018965
