transaction_count,hash_algorithm,branching_factor,baseline_branching_factor,metric,blocks,ratio_median,ratio_ci_lo,ratio_ci_hi,percent_change,significant
4096,blake2s,2,2,build_total_ns,5,1.0,1.0,1.0,0.0,False
4096,blake2s,3,2,build_total_ns,5,0.8264435165955882,0.787971605109457,0.8505304556888141,-17.355648340441178,True
4096,blake2s,4,2,build_total_ns,5,0.7638827355226038,0.7500301332151904,0.7815988729062668,-23.611726447739624,True
4096,blake2s,8,2,build_total_ns,5,0.7186310757996196,0.7078866545297886,0.7426897883220566,-28.13689242003804,True
4096,blake2s,16,2,build_total_ns,5,0.6839501899582424,0.6640052487934877,0.75580958072182,-31.60498100417576,True
4096,nullhash,2,2,build_total_ns,5,1.0,1.0,1.0,0.0,False
4096,nullhash,3,2,build_total_ns,5,0.7378212863690052,0.7217394752895736,0.753289216590438,-26.217871363099476,True
4096,nullhash,4,2,build_total_ns,5,0.6523848676497713,0.5964116033981745,0.6775688714982475,-34.76151323502287,True
4096,nullhash,8,2,build_total_ns,5,0.5453500304400406,0.5169297074505212,0.5747883626992684,-45.46499695599594,True
4096,nullhash,16,2,build_total_ns,5,0.4696498522637087,0.4473743869766171,0.48816735320248766,-53.03501477362913,True
4096,sha256,2,2,build_total_ns,5,1.0,1.0,1.0,0.0,False
4096,sha256,3,2,build_total_ns,5,0.7734322695165723,0.755215217645046,0.7965629617730194,-22.65677304834277,True
4096,sha256,4,2,build_total_ns,5,0.7049311642337165,0.6852223919262854,0.7588543951063221,-29.50688357662835,True
4096,sha256,8,2,build_total_ns,5,0.6232031204730106,0.5987081312782225,0.6295713261450367,-37.679687952698934,True
4096,sha256,16,2,build_total_ns,5,0.5836671673400902,0.5793941891476585,0.5976866664015642,-41.63328326599098,True
4096,sha3_256,2,2,build_total_ns,5,1.0,1.0,1.0,0.0,False
4096,sha3_256,3,2,build_total_ns,5,0.789549685778588,0.7679030986555376,0.823457579166801,-21.045031422141204,True
4096,sha3_256,4,2,build_total_ns,5,0.7190884251322096,0.6951718985852513,0.7503768229914957,-28.09115748677904,True
4096,sha3_256,8,2,build_total_ns,5,0.6548904358099991,0.6393535890407841,0.6656440490381575,-34.510956419000095,True
4096,sha3_256,16,2,build_total_ns,5,0.6341031766227498,0.6087649591456945,0.6513079934462147,-36.589682337725016,True
32768,blake2s,2,2,build_total_ns,5,1.0,1.0,1.0,0.0,False
32768,blake2s,3,2,build_total_ns,5,0.7800676382285372,0.7762259991207565,0.7848236054391708,-21.99323617714628,True
32768,blake2s,4,2,build_total_ns,5,0.7332434127310711,0.7296573278190736,0.7338877881864447,-26.67565872689289,True
32768,blake2s,8,2,build_total_ns,5,0.657867064083787,0.6541253734529591,0.6611295545425278,-34.213293591621294,True
32768,blake2s,16,2,build_total_ns,5,0.6320467215857176,0.6263223252282341,0.6364674549347494,-36.79532784142824,True
32768,nullhash,2,2,build_total_ns,5,1.0,1.0,1.0,0.0,False
32768,nullhash,3,2,build_total_ns,5,0.6935619770838781,0.6883360791004466,0.7009491381579015,-30.64380229161219,True
32768,nullhash,4,2,build_total_ns,5,0.5958898509969675,0.5908828226178667,0.6985951824231535,-40.41101490030326,True
32768,nullhash,8,2,build_total_ns,5,0.5008624829537155,0.48673624950476513,0.5035096091850113,-49.91375170462845,True
32768,nullhash,16,2,build_total_ns,5,0.46265701721926505,0.4417023083578257,0.6603270514115182,-53.7342982780735,True
32768,sha256,2,2,build_total_ns,5,1.0,1.0,1.0,0.0,False
32768,sha256,3,2,build_total_ns,5,0.7375495406957274,0.7302217833518176,0.73893957341321,-26.245045930427256,True
32768,sha256,4,2,build_total_ns,5,0.6615882725984246,0.6561624311261647,0.6644653022767464,-33.841172740157546,True
32768,sha256,8,2,build_total_ns,5,0.567085677462202,0.5658074449401437,0.5757783967638348,-43.2914322537798,True
32768,sha256,16,2,build_total_ns,5,0.5346863373939376,0.5288772054574097,0.5355501059807236,-46.53136626060624,True
32768,sha3_256,2,2,build_total_ns,5,1.0,1.0,1.0,0.0,False
32768,sha3_256,3,2,build_total_ns,5,0.7603408219718452,0.7539347302265775,0.7659610455995909,-23.965917802815483,True
32768,sha3_256,4,2,build_total_ns,5,0.6814657459848765,0.6748889937591147,0.6837811764380439,-31.853425401512347,True
32768,sha3_256,8,2,build_total_ns,5,0.6117265145686446,0.6025036655816356,0.6138188569206604,-38.82734854313554,True
32768,sha3_256,16,2,build_total_ns,5,0.5849610511189999,0.5780726084755478,0.5867944905888502,-41.503894888100014,True
262144,blake2s,2,2,build_total_ns,5,1.0,1.0,1.0,0.0,False
262144,blake2s,3,2,build_total_ns,5,0.779499886756209,0.7722848208975365,0.7838342198349131,-22.050011324379103,True
262144,blake2s,4,2,build_total_ns,5,0.7284044041253102,0.72228026304129,0.732266560496056,-27.159559587468983,True
262144,blake2s,8,2,build_total_ns,5,0.6538300359004753,0.6498382315286466,0.655609605503503,-34.61699640995247,True
262144,blake2s,16,2,build_total_ns,5,0.6238625214065534,0.6178097922001565,0.6731330573914285,-37.613747859344656,True
262144,nullhash,2,2,build_total_ns,5,1.0,1.0,1.0,0.0,False
262144,nullhash,3,2,build_total_ns,5,0.6950649888855863,0.6887302253932079,0.6986746269802747,-30.49350111144137,True
262144,nullhash,4,2,build_total_ns,5,0.5952308198595658,0.5888488363257828,0.6078300705682207,-40.47691801404342,True
262144,nullhash,8,2,build_total_ns,5,0.4785594927011567,0.4747224022038395,0.4982884847635825,-52.14405072988433,True
262144,nullhash,16,2,build_total_ns,5,0.4322788874353083,0.42705453806863003,0.435438556540116,-56.772111256469174,True
262144,sha256,2,2,build_total_ns,5,1.0,1.0,1.0,0.0,False
262144,sha256,3,2,build_total_ns,5,0.738428116668141,0.7301811124118642,0.7412559615469937,-26.1571883331859,True
262144,sha256,4,2,build_total_ns,5,0.6569365640178048,0.6495067308821924,0.6880856342102948,-34.30634359821953,True
262144,sha256,8,2,build_total_ns,5,0.5611975321702424,0.5594321774607421,0.5679904268494801,-43.88024678297576,True
262144,sha256,16,2,build_total_ns,5,0.5220352148445311,0.517346134702147,0.5331125171645463,-47.796478515546895,True
262144,sha3_256,2,2,build_total_ns,5,1.0,1.0,1.0,0.0,False
262144,sha3_256,3,2,build_total_ns,5,0.7616537500671156,0.7583960878266955,0.7725574983624229,-23.834624993288443,True
262144,sha3_256,4,2,build_total_ns,5,0.6807335469076465,0.6752469950930179,0.6826494579151675,-31.926645309235347,True
262144,sha3_256,8,2,build_total_ns,5,0.6084575725557194,0.6043018080265677,0.6098161360939994,-39.15424274442806,True
262144,sha3_256,16,2,build_total_ns,5,0.5784985508014334,0.5735642327871051,0.5824537018783338,-42.15014491985666,True
4096,blake2s,2,2,build_internal_ns,5,1.0,1.0,1.0,0.0,False
4096,blake2s,3,2,build_internal_ns,5,0.5601655110713487,0.5207308580043494,0.5976684644516295,-43.98344889286513,True
4096,blake2s,4,2,build_internal_ns,5,0.4281216643388682,0.4113281656504743,0.43393533542739665,-57.18783356611318,True
4096,blake2s,8,2,build_internal_ns,5,0.2631430363027497,0.2592737810468648,0.2784053695130179,-73.68569636972502,True
4096,blake2s,16,2,build_internal_ns,5,0.18618279202099056,0.17802783077395168,0.20174719774019123,-81.38172079790095,True
4096,nullhash,2,2,build_internal_ns,5,1.0,1.0,1.0,0.0,False
4096,nullhash,3,2,build_internal_ns,5,0.5437607231147873,0.5232571141945234,0.566685518353073,-45.62392768852127,True
4096,nullhash,4,2,build_internal_ns,5,0.3934974295830165,0.3748007472957627,0.4137003721914347,-60.65025704169835,True
4096,nullhash,8,2,build_internal_ns,5,0.23301760098227842,0.2068099157983976,0.24184691884212395,-76.69823990177215,True
4096,nullhash,16,2,build_internal_ns,5,0.13788020807638968,0.1329647441767972,0.16042621204049015,-86.21197919236103,True
4096,sha256,2,2,build_internal_ns,5,1.0,1.0,1.0,0.0,False
4096,sha256,3,2,build_internal_ns,5,0.5483584448958848,0.531321494806051,0.5683757861167895,-45.16415551041152,True
4096,sha256,4,2,build_internal_ns,5,0.4075563451957442,0.3957443872195809,0.43910954981395744,-59.24436548042558,True
4096,sha256,8,2,build_internal_ns,5,0.21433999717440094,0.20815713640844732,0.21694784728936994,-78.56600028255991,True
4096,sha256,16,2,build_internal_ns,5,0.13509995327768298,0.13134358617496497,0.13656140710089265,-86.4900046722317,True
4096,sha3_256,2,2,build_internal_ns,5,1.0,1.0,1.0,0.0,False
4096,sha3_256,3,2,build_internal_ns,5,0.5591230083417928,0.5165721141913617,0.6034715753289862,-44.087699165820716,True
4096,sha3_256,4,2,build_internal_ns,5,0.37470759811707627,0.3475560812022331,0.4256192933924208,-62.52924018829238,True
4096,sha3_256,8,2,build_internal_ns,5,0.21870022108359047,0.20076827416115361,0.2284072112041516,-78.12997789164096,True
4096,sha3_256,16,2,build_internal_ns,5,0.15440782900729055,0.1441790412827732,0.16332841391542863,-84.55921709927094,True
32768,blake2s,2,2,build_internal_ns,5,1.0,1.0,1.0,0.0,False
32768,blake2s,3,2,build_internal_ns,5,0.5261406422556694,0.5199819082527415,0.5276487999121524,-47.385935774433065,True
32768,blake2s,4,2,build_internal_ns,5,0.4124880794378157,0.4105155951510734,0.42436923102445817,-58.751192056218436,True
32768,blake2s,8,2,build_internal_ns,5,0.24975135697362127,0.2482420611476271,0.2575609852842306,-75.02486430263787,True
32768,blake2s,16,2,build_internal_ns,5,0.18515745491510252,0.18121415142086206,0.21213181815906945,-81.48425450848976,True
32768,nullhash,2,2,build_internal_ns,5,1.0,1.0,1.0,0.0,False
32768,nullhash,3,2,build_internal_ns,5,0.5367764611076274,0.5308729593849028,0.5667021477210172,-46.322353889237256,True
32768,nullhash,4,2,build_internal_ns,5,0.4026872534289579,0.37345382054307835,0.41806985324427437,-59.731274657104215,True
32768,nullhash,8,2,build_internal_ns,5,0.23109146970076466,0.21852355680778157,0.23828082853166382,-76.89085302992353,True
32768,nullhash,16,2,build_internal_ns,5,0.15578641235602966,0.14382857865752902,0.20435802827025726,-84.42135876439704,True
32768,sha256,2,2,build_internal_ns,5,1.0,1.0,1.0,0.0,False
32768,sha256,3,2,build_internal_ns,5,0.5266949351331285,0.5067890589381571,0.5326026519807084,-47.33050648668715,True
32768,sha256,4,2,build_internal_ns,5,0.39491264672074267,0.3800456619954805,0.4112138640178054,-60.508735327925734,True
32768,sha256,8,2,build_internal_ns,5,0.21323466313727182,0.19690422619520587,0.22947531826555717,-78.67653368627282,True
32768,sha256,16,2,build_internal_ns,5,0.13561426648645933,0.13136426903951756,0.14878253282511258,-86.43857335135407,True
32768,sha3_256,2,2,build_internal_ns,5,1.0,1.0,1.0,0.0,False
32768,sha3_256,3,2,build_internal_ns,5,0.5250421862679315,0.5132090538212847,0.528725617093111,-47.495781373206846,True
32768,sha3_256,4,2,build_internal_ns,5,0.3621524462069158,0.35559094971771643,0.3749510734054855,-63.78475537930842,True
32768,sha3_256,8,2,build_internal_ns,5,0.21357610983524894,0.21009069941976316,0.220711995053503,-78.64238901647511,True
32768,sha3_256,16,2,build_internal_ns,5,0.15708688138597,0.15003485613363146,0.1662464902799893,-84.29131186140299,True
262144,blake2s,2,2,build_internal_ns,5,1.0,1.0,1.0,0.0,False
262144,blake2s,3,2,build_internal_ns,5,0.5167381437830586,0.5047307170285729,0.5190762471196263,-48.32618562169414,True
262144,blake2s,4,2,build_internal_ns,5,0.4051606455570844,0.3966346069135551,0.4110988553641705,-59.48393544429156,True
262144,blake2s,8,2,build_internal_ns,5,0.23616789772891658,0.23438562840368254,0.23878855583498287,-76.38321022710835,True
262144,blake2s,16,2,build_internal_ns,5,0.16829560730853357,0.1665798753174033,0.17104301921057027,-83.17043926914664,True
262144,nullhash,2,2,build_internal_ns,5,1.0,1.0,1.0,0.0,False
262144,nullhash,3,2,build_internal_ns,5,0.5335926244294974,0.5133069311623584,0.5398641092186819,-46.64073755705026,True
262144,nullhash,4,2,build_internal_ns,5,0.38090764987241754,0.37483231020290037,0.39610403586671805,-61.909235012758245,True
262144,nullhash,8,2,build_internal_ns,5,0.21118998410864334,0.19854868130476486,0.21606494996625908,-78.88100158913566,True
262144,nullhash,16,2,build_internal_ns,5,0.13579722485987342,0.13012079279230068,0.15254814817245776,-86.42027751401265,True
262144,sha256,2,2,build_internal_ns,5,1.0,1.0,1.0,0.0,False
262144,sha256,3,2,build_internal_ns,5,0.5220956443074459,0.5155022603285734,0.5263356539839018,-47.79043556925541,True
262144,sha256,4,2,build_internal_ns,5,0.37088575582041033,0.36879422153802144,0.37344855175697017,-62.91142441795896,True
262144,sha256,8,2,build_internal_ns,5,0.19409753727792442,0.19254520248261747,0.1961233437196606,-80.59024627220755,True
262144,sha256,16,2,build_internal_ns,5,0.12258004639638827,0.11934579669861707,0.12595547318097694,-87.74199536036117,True
262144,sha3_256,2,2,build_internal_ns,5,1.0,1.0,1.0,0.0,False
262144,sha3_256,3,2,build_internal_ns,5,0.5137876864439027,0.5054587590480495,0.5160726856871405,-48.62123135560973,True
262144,sha3_256,4,2,build_internal_ns,5,0.34989174734180506,0.347914020294052,0.3548347992020898,-65.01082526581949,True
262144,sha3_256,8,2,build_internal_ns,5,0.19962164382731762,0.19948768138315887,0.20041514220737394,-80.03783561726824,True
262144,sha3_256,16,2,build_internal_ns,5,0.14069167237168662,0.13913614729273036,0.1418819219572431,-85.93083276283133,True
4096,blake2s,2,2,proof_verification_ns,5,1.0,1.0,1.0,0.0,False
4096,blake2s,3,2,proof_verification_ns,5,0.7334864642205383,0.7300063270195533,0.7383913956081162,-26.651353577946168,True
4096,blake2s,4,2,proof_verification_ns,5,0.6739407933575415,0.6715376525349914,0.6760160579248068,-32.60592066424584,True
4096,blake2s,8,2,proof_verification_ns,5,0.6432438253886703,0.6407064953574308,0.6446880950947736,-35.67561746113297,True
4096,blake2s,16,2,proof_verification_ns,5,0.7304295535164789,0.7289457600609818,0.7359525508437321,-26.957044648352113,True
4096,sha256,2,2,proof_verification_ns,5,1.0,1.0,1.0,0.0,False
4096,sha256,3,2,proof_verification_ns,5,0.7355608483113171,0.7313228702087425,0.7391273967190052,-26.443915168868294,True
4096,sha256,4,2,proof_verification_ns,5,0.62611052459074,0.6191566714652756,0.6391092746425832,-37.388947540926,True
4096,sha256,8,2,proof_verification_ns,5,0.5443947334032186,0.5409836153078529,0.5486285834174409,-45.56052665967813,True
4096,sha256,16,2,proof_verification_ns,5,0.5572068179630744,0.549568269237921,0.5598128892295474,-44.27931820369256,True
4096,sha3_256,2,2,proof_verification_ns,5,1.0,1.0,1.0,0.0,False
4096,sha3_256,3,2,proof_verification_ns,5,0.7314647508040761,0.723219107304144,0.7344810783373864,-26.853524919592388,True
4096,sha3_256,4,2,proof_verification_ns,5,0.5950158362844309,0.5864765902229137,0.6004083349953572,-40.498416371556914,True
4096,sha3_256,8,2,proof_verification_ns,5,0.5572537189105548,0.5516165606368347,0.5582971379176649,-44.274628108944526,True
4096,sha3_256,16,2,proof_verification_ns,5,0.625770388193382,0.6192585820530861,0.6294098977820158,-37.422961180661794,True
32768,blake2s,2,2,proof_verification_ns,5,1.0,1.0,1.0,0.0,False
32768,blake2s,3,2,proof_verification_ns,5,0.7303146819615344,0.7147538705131815,0.7346450421242752,-26.968531803846563,True
32768,blake2s,4,2,proof_verification_ns,5,0.6968612252717472,0.683105675509544,0.6994536801850298,-30.31387747282528,True
32768,blake2s,8,2,proof_verification_ns,5,0.6346530708208663,0.6198129025084826,0.6377871598192785,-36.53469291791337,True
32768,blake2s,16,2,proof_verification_ns,5,0.7116247577393917,0.7035994388685699,0.7167965943795483,-28.83752422606083,True
32768,sha256,2,2,proof_verification_ns,5,1.0,1.0,1.0,0.0,False
32768,sha256,3,2,proof_verification_ns,5,0.7372892338090922,0.7353038436222675,0.74656967278256,-26.271076619090785,True
32768,sha256,4,2,proof_verification_ns,5,0.6486346597336897,0.6473914058253111,0.652977614397518,-35.136534026631026,True
32768,sha256,8,2,proof_verification_ns,5,0.5314955539014646,0.5291734736933879,0.534734022809218,-46.85044460985354,True
32768,sha256,16,2,proof_verification_ns,5,0.5534634488470753,0.5518912952747124,0.5562070985023254,-44.653655115292466,True
32768,sha3_256,2,2,proof_verification_ns,5,1.0,1.0,1.0,0.0,False
32768,sha3_256,3,2,proof_verification_ns,5,0.7304267884137179,0.7262293747849642,0.7317325088838796,-26.95732115862821,True
32768,sha3_256,4,2,proof_verification_ns,5,0.6189229532371608,0.6163156657804908,0.6250390794704743,-38.107704676283916,True
32768,sha3_256,8,2,proof_verification_ns,5,0.5462451999491992,0.5446855967741405,0.5480812009408156,-45.375480005080085,True
32768,sha3_256,16,2,proof_verification_ns,5,0.6094671903066834,0.606822988789408,0.6138839480842437,-39.05328096933166,True
262144,blake2s,2,2,proof_verification_ns,5,1.0,1.0,1.0,0.0,False
262144,blake2s,3,2,proof_verification_ns,5,0.7109055403988584,0.7105077579820966,0.7153451212522274,-28.909445960114155,True
262144,blake2s,4,2,proof_verification_ns,5,0.6600642848662531,0.6592180604305506,0.6644266671358222,-33.99357151337469,True
262144,blake2s,8,2,proof_verification_ns,5,0.6257464209448189,0.6215254301929733,0.6268893599072587,-37.42535790551811,True
262144,blake2s,16,2,proof_verification_ns,5,0.7145021272156263,0.7117901842307549,0.7239101536733,-28.549787278437368,True
262144,sha256,2,2,proof_verification_ns,5,1.0,1.0,1.0,0.0,False
262144,sha256,3,2,proof_verification_ns,5,0.7277274592099806,0.7253531728219513,0.7376386031571762,-27.227254079001938,True
262144,sha256,4,2,proof_verification_ns,5,0.6126246572322052,0.6092518590632966,0.6139412906979569,-38.737534276779485,True
262144,sha256,8,2,proof_verification_ns,5,0.5236260692620868,0.52101134556995,0.5291439551639832,-47.63739307379132,True
262144,sha256,16,2,proof_verification_ns,5,0.5510869905408815,0.5466449827578269,0.5544456501976659,-44.89130094591185,True
262144,sha3_256,2,2,proof_verification_ns,5,1.0,1.0,1.0,0.0,False
262144,sha3_256,3,2,proof_verification_ns,5,0.7208289739264596,0.6931028212355629,0.7230350840134327,-27.91710260735404,True
262144,sha3_256,4,2,proof_verification_ns,5,0.580305865960754,0.5578166207456204,0.5817978693594037,-41.969413403924605,True
262144,sha3_256,8,2,proof_verification_ns,5,0.5396290333026146,0.5168161155437521,0.5411143010125072,-46.037096669738546,True
262144,sha3_256,16,2,proof_verification_ns,5,0.6091037795600168,0.5843522939022181,0.613531320766342,-39.08962204399832,True
