transaction_count,branching_factor,analytical_digest_bytes,construction_bytes_internal,construction_bytes_leaf,construction_bytes_total,construction_hash_calls_internal,construction_hash_calls_leaf,construction_hash_calls_total,internal_node_count,sampled_mean_serialized_bytes,sampled_mean_verification_bytes,sampled_mean_verification_hash_calls,serialized_max,serialized_mean,serialized_median,serialized_min,siblings_max,siblings_mean,siblings_median,siblings_min,transaction_size_bytes,tree_height
4096,2,262112,274365,1052672,1327037,4095,4096,8191,4095,411.0,1061.0,13.0,411,411.0,411.0,411,12,12.0,12.0,12,256,12
4096,3,196704,202825,1052672,1255497,2051,4096,6147,2051,475.0,993.0,9.0,499,495.0859375,499.0,307,15,14.877685546875,15.0,9,256,8
4096,4,174752,178815,1052672,1231487,1365,4096,5461,1365,591.0,1043.0,7.0,591,591.0,591.0,591,18,18.0,18.0,18,256,6
4096,8,149792,151515,1052672,1204187,585,4096,4681,585,907.0,1293.0,5.0,907,907.0,907.0,907,28,28.0,28.0,28,256,4
4096,16,139808,140595,1052672,1193267,273,4096,4369,273,1449.0,1802.0,4.0,1449,1449.0,1449.0,1449,45,45.0,45.0,45,256,3
16384,2,1048544,1097661,4210688,5308349,16383,16384,32767,16383,479.0,1195.0,15.0,479,479.0,479.0,479,14,14.0,14.0,14,256,14
16384,3,786560,811116,4210688,5021804,8196,16384,24580,8196,547.0,1098.0,10.0,597,587.5546875,597.0,309,18,17.704833984375,18.0,9,256,9
16384,4,699040,715391,4210688,4926079,5461,16384,21845,5461,689.0,1174.0,8.0,689,689.0,689.0,689,21,21.0,21.0,21,256,7
16384,8,599200,606191,4210688,4816879,2341,16384,18725,2341,1005.0,1424.0,6.0,1005,1005.0,1005.0,1005,31,31.0,31.0,31,256,5
16384,16,559264,562511,4210688,4773199,1093,16384,17477,1093,1547.0,1933.0,5.0,1547,1547.0,1547.0,1547,48,48.0,48.0,48,256,4
65536,2,4194272,4390845,16842752,21233597,65535,65536,131071,65535,547.0,1329.0,17.0,547,547.0,547.0,547,16,16.0,16.0,16,256,16
65536,3,3145888,3244175,16842752,20086927,32773,65536,98309,32773,637.0,1254.0,12.0,697,684.3154296875,697.0,377,21,20.603607177734375,21.0,11,256,11
65536,4,2796192,2861695,16842752,19704447,21845,65536,87381,21845,787.0,1305.0,9.0,787,787.0,787.0,787,24,24.0,24.0,24,256,8
65536,8,2396768,2424825,16842752,19267577,9363,65536,74899,9363,1167.0,1619.0,7.0,1167,1167.0,1167.0,1167,36,36.0,36.0,36,256,6
65536,16,2236960,2250035,16842752,19092787,4369,65536,69905,4369,1931.0,2317.0,5.0,1931,1931.0,1931.0,1931,60,60.0,60.0,60,256,4
262144,2,16777184,17563581,67371008,84934589,262143,262144,524287,262143,615.0,1463.0,19.0,615,615.0,615.0,615,18,18.0,18.0,18,256,18
262144,3,12583104,12976306,67371008,80347314,131078,262144,393222,131078,703.0,1353.0,13.0,763,747.870361328125,763.0,379,23,22.527198791503906,23.0,11,256,12
262144,4,11184800,11446911,67371008,78817919,87381,262144,349525,87381,885.0,1436.0,10.0,885,885.0,885.0,885,27,27.0,27.0,27,256,9
262144,8,9586976,9699291,67371008,77070299,37449,262144,299593,37449,1359.0,1811.0,7.0,1359,1359.0,1359.0,1359,42,42.0,42.0,42,256,6
262144,16,8947872,9000271,67371008,76371279,17477,262144,279621,17477,2029.0,2448.0,6.0,2029,2029.0,2029.0,2029,63,63.0,63.0,63,256,5
1048576,2,67108832,70254525,269484032,339738557,1048575,1048576,2097151,1048575,683.0,1597.0,21.0,,,,,,,,,256,20
1048576,3,50331840,51904690,269484032,321388722,524294,1048576,1572870,524294,785.0,1468.0,14.0,,,,,,,,,256,13
1048576,4,44739232,45787775,269484032,315271807,349525,1048576,1398101,349525,983.0,1567.0,11.0,,,,,,,,,256,10
1048576,8,38347936,38797295,269484032,308281327,149797,1048576,1198373,149797,1457.0,1942.0,8.0,,,,,,,,,256,7
1048576,16,35791392,36001075,269484032,305485107,69905,1048576,1118481,69905,2413.0,2832.0,6.0,,,,,,,,,256,5
