transaction_count,branching_factor,hash_algorithm,observations,build_total_ns_median,build_total_ns_ci_lo,build_total_ns_ci_hi,build_total_ns_iqr,build_total_ns_mean,build_total_ns_sd,build_internal_ns_median,build_internal_ns_ci_lo,build_internal_ns_ci_hi,build_internal_ns_iqr,build_internal_ns_mean,build_internal_ns_sd,build_throughput_tx_per_sec_median,build_throughput_tx_per_sec_ci_lo,build_throughput_tx_per_sec_ci_hi,build_throughput_tx_per_sec_iqr,build_throughput_tx_per_sec_mean,build_throughput_tx_per_sec_sd
4096,2,blake2s,15,7377150.0,7217043.0,7474687.0,265017.0,7430679.133333334,368855.3795722783,3729595.0,3697163.0,3971609.8749999925,293063.0,3846953.2666666666,219672.0767210157,555227.9674400005,547982.8118555333,567545.4614860961,20218.524618724827,552366.6339567938,24619.85064326378
4096,2,nullhash,15,2574379.0,2548615.0,2662587.0,94654.5,2604794.6666666665,78933.43768161941,1839270.0,1811255.0,1922258.0,108222.0,1875804.3333333333,109579.42704636451,1591063.3205134133,1538353.488543285,1607147.4114371922,57335.767352492316,1573806.0235146293,46733.230636671615
4096,2,sha256,15,5579288.0,5555971.0,5748631.0,139131.5,6102804.866666666,1930753.4182748403,3463568.0,3401946.4,3670651.0,200279.5,3798198.3333333335,1216727.4894112877,734143.8549148206,712517.4672021914,737224.8703241972,18018.057884845417,703225.2702333792,108902.56110447423
4096,2,sha3_256,15,8694970.0,8609819.0,8817189.0,200129.0,8727123.133333333,125751.47776914516,4899371.0,4728930.0,5109610.0,348207.5,4930034.666666667,202159.11342294805,471076.9559871972,464547.147622672,475735.9010683036,10804.21764723421,469431.4153017499,6695.476187637639
4096,3,blake2s,15,5932274.0,5873421.0,6130727.0,226347.5,5996023.466666667,161991.81530685286,2048859.0,2002770.0,2119294.0,156722.5,2081347.3333333333,105080.18382146265,690460.3529776271,668109.9973950887,697378.9210751281,25818.49787743832,683574.3323753871,18047.006462140365
4096,3,nullhash,15,1892194.0,1859415.0,2017056.0,138664.5,1932338.4666666666,93316.53108324122,1011959.0,972801.0,1025821.0,55656.5,1012240.3333333334,57934.06125029024,2164682.902493085,2030682.340995986,2202843.3674031887,152987.8415139229,2124179.5718142334,99179.00810925601
4096,3,sha256,15,4393823.0,4290276.0,4491381.0,196802.5,4414414.466666667,176780.27335685337,1912016.0,1869781.0,2037037.0,163796.0,1958562.6666666667,164647.73157808618,932217.7975762791,911968.9467448876,954717.132417588,41816.11068067979,929181.9363127076,35169.64356238155
4096,3,sha3_256,15,6820159.0,6773679.0,6896582.0,134291.5,6854271.0,118218.32554098491,2597463.0,2579569.0,2716924.0,148213.0,2774068.6,439640.190999705,600572.5086467925,593917.3927026461,604693.5498419692,11783.030382814934,597747.2573526137,10167.139942800151
4096,4,blake2s,15,5556741.0,5524464.0,5724949.0,173755.5,5622003.733333333,130992.90397982123,1608792.0,1586950.0,1687555.0,74670.0,1625676.2,65975.82504350688,737122.7127555523,715464.8888575252,741429.3947792945,22582.625543940114,728928.8034013076,16691.562865908007
4096,4,nullhash,15,1651799.0,1635302.0,1709569.0,77020.0,1666457.9333333333,52014.32786875262,726179.0,722311.0,735488.0,19948.5,724889.5333333333,19335.810477921408,2479720.5955446158,2395925.522748716,2504736.128250317,113402.72174315806,2460139.396411861,76631.50987961503
4096,4,sha256,15,3967772.0,3905721.0,4066476.0,140743.0,4017473.533333333,161021.5416697258,1362603.0,1337152.0,1400764.0,66973.5,1382200.2666666666,65950.66789488148,1032317.3811398438,1007260.3404028452,1048718.0215893558,36305.928867800976,1020997.6128754301,38834.94416020923
4096,4,sha3_256,15,6208588.0,6170616.0,6480731.0,286741.0,6323516.866666666,190494.38370718688,1874244.0,1791944.0,1987378.0,178284.0,1905318.8666666667,120533.00321421554,659731.3269941572,632027.4672718247,663791.1028655809,29452.168093732093,648276.4564102616,19056.74049987389
4096,8,blake2s,15,5228698.0,5086673.0,5355177.0,221340.0,5313747.066666666,347566.04596176423,965882.0,935945.0,1013812.0,91886.0,1004203.8,125620.52670881459,783369.0146189356,764867.3423866289,805241.4613638424,33164.867246766575,773521.8927249594,44203.723745301046
4096,8,nullhash,15,1379981.0,1350824.0,1419492.0,60110.0,1389593.0,54563.395763879234,406600.0,389506.0,435888.0,34490.0,413079.6666666667,33684.99314376118,2968156.8079560515,2885539.3337898348,3032223.29481857,128641.31687406171,2951698.4566928227,111296.20184066385
4096,8,sha256,15,3504207.0,3455371.0,3582921.0,107369.5,3541343.066666667,139248.86162574784,739686.0,730353.0,773682.0,32158.5,753796.2,31516.603268753443,1168880.719660682,1143201.3153513572,1185400.9308985923,35886.98458001483,1158218.2106200159,43479.613367467246
4096,8,sha3_256,15,5896911.0,5685664.0,5973823.0,287902.5,6082812.0,733251.8021566671,1150935.0,1091391.0,1178354.0,80185.5,1159673.6666666667,122829.28694078197,694600.9529395984,685658.0785871962,720408.3815012635,34479.51227098028,680367.1437804741,62591.91781776692
4096,16,blake2s,15,5106932.0,4988164.0,5213887.0,244267.0,5081497.733333333,152899.90919060496,704873.0,680379.0,722387.0,41448.0,704121.2666666667,25646.634269478338,802047.0999026422,785594.3176367267,821143.8116308927,38956.35213202366,806744.5889663635,24327.765136934446
4096,16,nullhash,15,1257709.0,1239645.0,1337303.0,88814.5,1280014.2666666666,58931.465093502185,268803.0,262085.0,277696.0,16278.0,270351.5333333333,10100.461402944964,3256715.1861042576,3062881.037431308,3304171.758850316,220949.5352881658,3206246.6571445605,146295.78245510173
4096,16,sha256,15,3330715.0,3281438.0,3529808.0,239843.0,3392921.466666667,137239.91531093416,481079.0,469740.0,525679.0,41116.0,493885.0,34671.490379602335,1229765.9811782157,1160403.0587499377,1248233.244083844,85115.50186159136,1209029.042346435,47958.701713222836
4096,16,sha3_256,15,5482748.0,5443822.0,5927258.0,425802.5,5631098.066666666,274512.4988422897,788923.0,761181.0,849905.0,82943.5,805718.0,54977.40143653832,747070.629545622,691044.661798086,752412.5513288274,54419.20691965567,728932.7599317682,33945.323292595735
16384,2,blake2s,15,28789300.0,28585567.0,28886805.0,392943.0,28782903.133333333,451083.03056388104,13647269.0,13418462.0,14149312.0,744050.5,13755234.6,464153.77211495634,569100.3254681426,567179.3748045171,573156.376432904,7792.545707123354,569355.5278823512,8802.694655189101
16384,2,nullhash,15,9212935.0,9170456.925,9336575.0,202878.0,9723587.933333334,1859702.4616640569,6637052.0,6588053.0,7035398.0,330926.0,6815649.333333333,512396.3182825613,1778369.2167588286,1754819.0851570305,1786607.2267439896,38788.74732382619,1720890.4256740273,201415.85681594684
16384,2,sha256,15,21980320.0,21772568.0,22213504.0,371378.0,22017619.866666667,312231.95934269915,12634868.0,12362427.0,12926811.0,619172.0,12799753.6,708921.0352271562,745394.0615969194,737569.3632125756,752506.5486074036,12602.35354314465,744269.3901197029,10434.798949037307
16384,2,sha3_256,15,34643870.0,34262307.9,35169089.0,819397.0,34785345.8,643646.3336850225,17565032.0,17338081.0,18025810.0,653235.5,17646948.4,369345.86218142865,472926.379183388,465863.6452027517,478193.12336305657,11168.677994522732,471150.6708494258,8555.99586425469
16384,3,blake2s,15,22478992.0,22349797.0,22518531.0,196310.0,22473387.733333334,224565.2103394044,7347790.0,7197497.0,7486810.0,270273.0,7355048.533333333,193099.94874152855,728858.3046784304,727578.5440888661,733071.5352806112,6394.16312459053,729107.5529307827,7237.238748051189
16384,3,nullhash,15,6621028.0,6571708.0,6735395.0,130466.0,6652547.666666667,135245.8750892857,3765020.0,3646169.0,3868339.0,189161.5,3767824.933333333,167409.1888830934,2474540.2073514867,2432522.5172391525,2493111.37987263,48352.125309336465,2463745.066432052,48992.23724883725
16384,3,sha256,15,16248306.0,16080887.0,16373139.0,283522.5,16205985.333333334,232405.47359446305,6755560.0,6667141.0,6973564.0,279345.5,6844309.2,292872.9624428117,1008351.2705878384,1000663.3425636954,1018849.2711875908,17634.17695668596,1011178.8021139167,14518.635305956035
16384,3,sha3_256,15,26401752.0,26130971.0,26626097.0,363724.5,26441318.266666666,325025.0959008433,9360882.0,9246411.0,9817730.0,523698.0,9492850.733333332,319387.43136118434,620564.8776641792,615336.1493425041,626995.4530200964,8559.040193553315,619723.0865426845,7567.034352858725
16384,4,blake2s,15,21124376.0,20788741.0,21304256.0,359448.5,21334038.133333333,1016041.7727255444,5971392.0,5884765.0,6170117.0,273429.5,6333420.533333333,1297138.611269979,775596.8744354863,769048.212713929,788118.9149453543,13269.358143435442,769398.924591788,32069.223591759866
16384,4,nullhash,15,5736285.0,5661308.0,5819005.0,145043.0,5745362.8,95605.99971251059,2651006.0,2620527.0,2707597.0,85207.5,2665108.4,79618.33629151371,2856203.97173432,2815601.63636223,2894030.8494079458,72218.15514570707,2852424.8195560942,47246.10353081671
16384,4,sha256,15,14556787.0,14214791.0,14730095.0,495437.0,14488252.6,295417.0107160385,4949397.0,4840665.0,5330417.0,421825.5,5046487.2,248046.04953262783,1125523.0979198914,1112280.6743608918,1152602.2436770264,38831.2589247243,1131284.607209749,22986.115189377724
16384,4,sha3_256,15,23772446.0,23357386.0,23917222.0,551658.0,23803699.6,708188.38383974,6648261.0,6453949.0,6925879.0,447154.5,6729731.466666667,323915.2537699299,689201.27108502,685029.3901189696,701448.3555651305,16182.329909401247,688829.5550141208,19216.04690933245
16384,8,blake2s,15,18987144.0,18817158.0,19557854.0,602187.0,19296622.466666665,827941.6228020692,3582715.0,3523071.0,3867329.0,325050.0,3721902.066666667,301796.81631177594,862899.6546294693,837719.7211923149,870694.7138351073,26923.35870496882,850388.8538232098,33214.47268993174
16384,8,nullhash,15,4771331.0,4736766.0,4984152.0,235253.0,4831357.866666666,136986.92208062712,1441488.0,1429567.0,1533563.0,104642.0,1477837.8666666667,77354.24879351827,3433842.6740882155,3287219.169880854,3458900.017438058,163918.29276525928,3393690.7043364537,94923.5139313298
16384,8,sha256,15,12642031.0,12380011.0,12785787.0,394439.0,12620690.733333332,295567.3468011422,2787001.0,2756849.0,2824360.0,51531.5,2811594.933333333,118152.47029850073,1295994.2907907756,1281422.87995256,1323423.7029353206,40831.47468246659,1298835.258252474,29730.373538315263
16384,8,sha3_256,15,21252869.0,21099999.0,21382637.0,222048.0,21585389.866666667,1307872.3714028208,4080631.0,3995972.0,4315873.0,300291.0,4285568.8,662288.2687796693,770907.6830991618,766229.1606035308,776492.9277958733,8052.614153443952,761210.8039240715,38545.82503706004
16384,16,blake2s,15,18092399.0,18023945.0,18195519.0,146960.0,18194118.066666666,268685.428512725,2585876.0,2568426.0,2667751.0,98800.5,2612867.8,63884.15719566159,905573.661071702,900441.4768273442,909012.9824519549,7340.812665795209,900690.59483,13044.629399381727
16384,16,nullhash,15,4422212.0,4371221.0,4754359.0,300205.5,4523122.533333333,262382.89963466604,979676.0,947327.0,1004697.0,56147.0,989781.0,64751.049773067665,3704933.187282744,3446100.725670906,3748151.832176868,239712.46902998816,3632959.8806472663,197650.4270495529
16384,16,sha256,15,11944751.0,11744884.0,12064741.074999992,311000.0,11923652.933333334,225691.1498158701,1771798.0,1761461.0,1913801.0,147381.5,1850323.2666666666,115774.30860358482,1371648.517411539,1358006.903461634,1394990.3634637855,35864.58537871181,1374531.4922829361,25814.343078275335
16384,16,sha3_256,15,20210963.0,20123689.0,20541684.0,368795.5,20342334.533333335,295587.6461283442,2918262.0,2877968.0,3060954.0,164040.5,2964379.8666666667,117996.19600700613,810649.1511562314,797597.7042583266,814164.838265986,14623.85340829147,805569.3006823328,11456.785959950173
65536,2,blake2s,15,116797428.0,116507023.0,116990206.0,475821.0,117262202.4,1522845.891691924,54005855.0,53451807.0,54314455.0,898481.0,53933604.333333336,972358.1447036497,561108.2463219995,560183.6447745037,562506.8627837138,2288.1113784157205,558969.408316103,7024.941359582098
65536,2,nullhash,15,36824766.0,36727221.0,36917000.0,153463.0,36856671.93333333,299332.4111858794,24493263.0,23728969.0,24734223.0,1031847.0,24312785.333333332,580329.2688542878,1779671.8653962389,1775225.505864507,1784398.55277915,7417.606040462386,1778240.40869965,14402.041398446983
65536,2,sha256,15,89863534.0,89666282.0,90682347.0,945000.0,90445744.8,1391829.0401300935,50210765.0,49570707.0,50806168.0,1084198.0,50175245.46666667,965954.909727369,729283.5823705754,722698.5424186253,730887.8938462064,7619.492118312512,724746.1150215921,10933.686527468493
65536,2,sha3_256,15,140887490.0,140468829.0,141423759.0,889137.0,141511084.6,1665304.6880308548,69678783.0,69429532.0,69921452.0,681216.0,69801784.66666667,1109142.2626540016,465165.50191929744,463401.62687939865,466551.90668671415,2929.794855860295,463174.3433440097,5342.662744617606
65536,3,blake2s,15,91174860.0,91033661.0,91614711.0,491957.0,91939422.26666667,1898556.151071593,27968172.0,27712498.0,28298812.0,564584.0,28033367.8,477175.21357406775,718794.6326432527,715343.6307843617,719909.5288499931,3867.657628043322,713089.5629929651,14133.061957404752
65536,3,nullhash,15,25667926.0,25413362.0,25765703.0,355669.5,25641912.133333333,345831.5851079347,13297541.0,13181245.0,13563719.0,533887.0,13314676.466666667,430433.3302541699,2553225.3755133934,2543536.266019988,2578800.8686139206,35627.989562691655,2556243.5782757048,34003.2781099446
65536,3,sha256,15,66207756.0,66014629.0,66702843.0,534354.0,66712904.53333333,1509667.9355427267,26075394.0,25726907.0,26386689.0,412251.5,26220654.733333334,942227.7208551676,989853.817126803,982506.8475716996,992749.652505053,7958.281703703105,982806.2311896404,21196.958405001093
65536,3,sha3_256,15,107027957.0,106827614.0,107578436.0,619226.0,107521091.06666666,1221450.9252859585,36147003.0,35951126.0,36828963.0,664100.5,36287960.06666667,606705.6406186572,612325.9925441723,609192.7196264501,613474.3400709109,3532.488586063846,609589.4904515967,6778.2698764582265
65536,4,blake2s,15,85195650.0,85035249.0,85768503.0,542155.0,86069820.0,3049914.72100535,22067972.0,21936873.0,22257448.0,288396.5,22123921.866666667,326775.10936331964,769241.1525705832,764103.344557617,770692.163199287,4877.170896087773,762228.9335977661,24209.95978354305
65536,4,nullhash,15,21790709.0,21624264.0,21981866.0,327635.5,21830190.666666668,284512.6239701517,9495723.0,9394770.0,9712337.0,256707.0,9575395.466666667,238820.613529087,3007520.3151948843,2981366.5500462973,3030669.621865512,45203.04186526965,3002551.5893532466,38695.83894229231
65536,4,sha256,15,59168566.0,58681235.0,59691187.0,902060.5,59558767.53333333,1533076.412699262,18774796.0,18697777.0,18984419.0,216103.0,19019741.8,848185.0130985741,1107615.148219073,1097917.520051997,1116813.5776283508,16867.589323734166,1100994.582703883,26484.19273027756
65536,4,sha3_256,15,95995142.0,95853717.0,96222133.0,641821.5,98119449.8,7483759.015975903,24895113.0,24811576.0,25352718.0,479638.0,25091925.866666667,380669.4031223844,682701.2141926931,681090.7008265967,683708.4888424305,4543.127785083372,670828.5738060748,40861.3882337676
65536,8,blake2s,15,76591598.0,76306793.0,76899406.0,534211.5,76656752.93333334,610707.9754981645,13041648.0,12892373.0,13427793.0,421864.5,13129466.133333333,263703.25652571424,855655.2116852296,852230.2499969895,858848.8314533151,5978.8979254361475,854978.1642392394,6754.555314096351
65536,8,nullhash,15,17776297.0,17636344.0,17938343.0,232681.5,17906667.6,475514.0511258466,5420142.0,5295280.0,5800604.0,379077.5,5555821.8,341587.93007661815,3686707.079657816,3653403.2156704776,3715962.9002473527,48276.50234697061,3662146.0397942397,92043.88079696344
65536,8,sha256,15,50405382.0,50251839.0,50467508.0,213101.0,50480891.333333336,473335.79334739683,10467398.0,10164429.0,10525604.0,366862.5,10502456.8,670385.5114577411,1300178.6198148443,1298578.0871129995,1304151.2769313776,5506.018872958608,1298338.5765136578,11972.115199660797
65536,8,sha3_256,15,86006413.0,85949288.0,86238000.0,292596.0,86514345.46666667,1246538.7981048545,14742045.0,14645776.0,14971033.0,285122.0,14813167.133333333,313863.9984852098,761989.6902339131,759943.4124168,762496.1360936463,2587.328833624837,757658.7758553113,10618.615948537727
65536,16,blake2s,15,73074455.0,72791092.0,73722315.0,901819.0,73578873.26666667,1207796.271802461,9656398.0,9436380.0,9879497.0,402992.0,10061430.866666667,1437999.4210127417,896838.7106000312,888957.4343941859,900329.9469665876,11017.05803436262,890909.5722156268,14303.311174602011
65536,16,nullhash,15,16063155.0,15922881.0,16197455.0,244558.5,16053987.866666667,188563.03702129755,3512744.0,3412948.0,3702847.0,256509.0,3549207.6,147771.70696323627,4079895.885957647,4046067.7310108286,4115838.082316887,62146.23606301984,4082750.4681411767,47883.44102648864
65536,16,sha256,15,47000569.0,46909343.0,47409670.0,473510.0,48623956.46666667,5867174.431703206,6679232.0,6578516.0,6867267.0,207286.0,6689512.866666666,158958.42709466373,1394366.0979934095,1382334.0259487147,1397077.7633786087,13960.229851059616,1361009.9681116107,117231.80829091166
65536,16,sha3_256,15,81921785.0,81811370.4,82650749.0,616238.0,82152998.2,510719.4641830847,10616155.0,10504290.0,10960528.0,410050.0,10712516.0,271311.04880271386,799982.5687391944,792926.873536258,801062.2554215689,5985.729345388128,797759.6790901576,4928.974969660435
262144,2,blake2s,15,467997415.0,467402214.0,472177743.0,4351174.0,469968752.1333333,4549770.485340032,213398290.0,210703427.0,214271661.0,3463328.0,214667106.26666668,6388728.116559591,560139.8460715857,555180.7637828452,560853.1413588896,5176.305685763713,557838.0926027537,5292.426480632246
262144,2,nullhash,15,147274385.0,145746267.0,149070422.0,3043956.5,148117768.66666666,3864522.1562199583,96343922.0,94854125.0,96987905.0,1832924.0,95998644.73333333,2093702.7483280655,1779970.0878058325,1758524.571695383,1798632.688136019,36775.33507072739,1770897.117049252,43642.080178734424
262144,2,sha256,15,358887441.0,357145185.0,364264716.0,5622708.5,362784110.26666665,8336166.25318173,196813523.0,194572991.0,198096065.0,4598958.5,197387411.6,5972424.042731332,730435.1449846361,719652.4628534156,733998.4157983259,11342.617021020036,722934.1871853572,16072.968552826824
262144,2,sha3_256,15,561977267.0,561160825.0,566696361.0,4763174.0,564323435.8,5179956.399778466,277226590.0,275948910.0,278060956.0,1841264.0,278204483.53333336,4103881.996924861,466467.2672604745,462582.8186675086,467145.9380650814,3928.252660588303,464563.9334892581,4202.212426479692
262144,3,blake2s,15,365522632.0,364706283.0,367872250.0,3196622.5,366595494.8666667,2734554.534008807,109566565.0,108978615.0,110148773.0,1186147.5,110966602.93333334,4772133.523278757,717175.8382392037,712595.2011873687,718781.1458680024,6244.83727744862,715113.8331326288,5293.31157087556
262144,3,nullhash,15,101592616.0,101494656.0,102230202.0,736464.5,101778043.13333334,935894.2815391571,50975481.0,49802067.0,51441958.0,1195784.5,50883585.86666667,1236946.873657409,2580345.012476104,2564252.000597632,2582835.4943141043,18627.422009658534,2575846.3513888414,23587.364925462087
262144,3,sha256,15,266458939.0,264874473.0,267016964.0,1986437.0,266694342.8,2157165.1667882223,102374378.0,100868475.0,103916524.0,1991040.5,102815318.2,2974042.55670873,983806.3642518668,981750.3580034712,989691.4452756646,7352.385478021577,982997.3093613908,7858.651366233204
262144,3,sha3_256,15,428715722.0,428327955.0,429749205.0,1615181.5,429651279.26666665,3660957.9175339276,141865050.0,141582430.0,142567307.0,1292845.5,142460971.66666666,3240904.232317021,611463.4629611274,609992.9841638682,612017.0232643349,2301.6164055856643,610172.4948283203,5090.587035819581
262144,4,blake2s,15,341558240.0,340947267.0,342779677.0,1671975.5,342567246.93333334,2517624.9382001017,85742003.0,85264616.0,87040503.0,1266079.0,86096374.8,1182607.450900352,767494.2932133623,764759.4580118587,768869.6328514639,3752.560328190215,765271.9018521602,5570.197831465958
262144,4,nullhash,15,86790692.0,86389966.0,87223632.0,811420.5,86791766.46666667,669636.3330767003,35882589.0,35008971.0,36423660.0,1170707.5,35951766.13333333,813985.4184477462,3020416.0602844367,3005424.0346240117,3034426.4749450185,28262.72550423583,3020546.1187937916,23254.25449737844
262144,4,sha256,15,236741534.0,235425608.0,238969148.0,2808650.5,237826391.33333334,3875481.333672994,73267232.0,72637653.0,74794623.0,1676045.0,75780776.8,8425856.151821768,1107300.419874782,1096978.4266879505,1113489.744072361,13127.207382970955,1102515.717054134,17511.110920085594
262144,4,sha3_256,15,384347729.0,383596858.0,395229515.0,9385242.5,389951261.8666667,10000489.830725241,97146798.0,96477100.0,98853184.0,2307304.5,97888838.46666667,2047018.639062599,682049.0410651028,663270.3025734301,683384.116769799,16308.25499609334,672648.9953690651,16750.068702140805
262144,8,blake2s,15,306646543.0,305812951.0,307948383.0,1525449.5,307104225.46666664,1856255.4710498638,50154129.0,49834403.0,50643584.0,746271.0,50310773.13333333,749242.4306620718,854873.4886601999,851259.5437138567,857203.7225460736,4249.548469081637,853628.2812289742,5109.581242895855
262144,8,nullhash,15,70312993.0,69795674.0,71013457.0,1204864.5,70433033.46666667,824160.2109018841,19587132.0,19113652.0,19942898.0,709488.5,19567206.933333334,590199.489786349,3728244.08143172,3691469.3506612414,3755877.47744939,63793.99663733924,3722362.8079361618,43299.088878198614
262144,8,sha256,15,202349457.0,201306446.0,203971146.0,1793287.5,202957309.46666667,2405768.7491283133,38551287.0,38404107.0,39092259.0,513044.0,38729395.2,602216.9991022695,1295501.376116863,1285201.3882394915,1302213.6409879294,11463.90046962048,1291787.0886790638,14979.846069490934
262144,8,sha3_256,15,344070786.0,342525451.0,347136410.0,3873090.5,345855841.06666666,4782985.825309878,56931186.0,56316043.0,57337384.12499972,1374811.0,57628287.06666667,2746551.7494573724,761889.7350965448,755161.3499719029,765327.0705422704,8544.782230186625,758089.2027798623,10211.46756856935
262144,16,blake2s,15,292038669.0,291486658.0,296065159.0,2909369.5,294106836.73333335,4379679.899913095,35802107.0,35642128.0,36281994.0,443644.5,35942270.86666667,421130.2401972012,897634.5526352198,885426.7110842313,899334.4731407912,8854.589596132748,891502.7002484115,12976.16897188061
262144,16,nullhash,15,63623608.0,63177293.0,63832868.0,640838.0,63485095.86666667,568725.1755206384,12681509.0,12529045.0,12973213.0,400963.0,12760556.266666668,340414.6301089445,4120231.597051208,4106724.4542419743,4149338.9088386553,41652.9717914951,4129530.28833765,36976.78395304878
262144,16,sha256,15,188564480.0,188017130.65,189139236.0,1097782.0,189254310.53333333,2588983.4616642455,24411664.0,24260853.0,24643350.0,331830.5,24516082.333333332,406716.77123761736,1390208.8028455835,1385984.2386166772,1394255.9826554756,8102.492258695187,1385378.3153818198,18548.818646213418
262144,16,sha3_256,15,327136577.0,326431325.0,330595046.0,2915374.0,330862399.53333336,9591941.348852424,39956491.0,39723208.0,40557329.0,754802.0,40102636.333333336,519044.7349617602,801328.9201836945,792945.9414827408,803060.1842516187,7095.786058790283,792887.7456912608,21535.710852586173
1048576,2,blake2s,15,1875294954.0,1866286197.0,1883626740.0,17081605.0,1877934864.5333333,15862053.67627977,854087132.0,839037033.0,866633763.0,22411337.0,855098994.8,16351083.45111764,559152.5737129457,556679.2919917882,561851.6611683433,5095.3741383382585,558403.3258874633,4665.951797571362
1048576,2,nullhash,15,589711105.0,587800958.0,592131629.0,7809095.5,589538543.6666666,6632305.799248368,379811169.0,374499203.17500013,384809466.0,14220405.0,378927387.8666667,9261461.478892162,1778118.117684082,1770849.5014374582,1783896.3780661277,23548.42244357476,1778848.7878770928,20021.129293578713
1048576,2,sha256,15,1443951288.0,1434279940.0,1483159945.0,43204906.0,1454021639.8666666,25240754.594177525,786398570.0,775486927.0,793329327.0,13889502.0,787210898.8,17809656.689376146,726185.162002501,706987.8090592583,731081.8277218603,21362.89722270239,721356.6580793833,12403.695392385149
1048576,2,sha3_256,15,2254260032.0,2244703553.0,2279538150.0,32370916.0,2264890044.9333334,25814205.67818791,1107036596.0,1096129071.0,1116433012.0,15298735.0,1107819702.2,14508103.4320922,465153.08132828574,459994.9336228481,467133.3987949544,6638.853711153497,463025.4156864029,5215.611175006983
1048576,3,blake2s,15,1463781283.0,1458745784.0,1471631916.0,11771887.0,1465936625.2,7512717.02505876,436895071.0,432880157.0,438775772.0,5859421.5,437179738.1333333,5844733.528237926,716347.4572177597,712525.9982469693,718820.2437334345,5749.271585373906,715311.707936756,3655.4219916552997
1048576,3,nullhash,15,409011283.0,406605101.0,411536043.0,4923884.5,410191698.8,5813956.793573636,201715250.0,195263433.0,204284844.0,8340260.0,199968633.53333333,4251103.974449962,2563684.7773708,2547956.656131818,2578855.9893152937,30883.605651938822,2556772.3868502183,35169.905717151705
1048576,3,sha256,15,1061991509.0,1058816106.0,1077719977.0,15860612.5,1067322760.6,13825421.904571101,407533628.0,402652310.0,408955578.0,5744307.0,406613988.6666667,6508556.960187232,987367.592973853,972957.7463330252,990328.7209724404,14578.395759726409,982587.1423987249,12526.803901968446
1048576,3,sha3_256,15,1719737203.0,1714414092.0,1749897070.0,33923905.0,1732471947.7333333,22391635.327016138,567462283.0,566306336.0,571625646.0,6046102.5,568211471.4666667,6057779.581731529,609730.3693673713,599221.5302126313,611623.5306819911,11868.800408480573,605342.0885575284,7760.910864786537
1048576,4,blake2s,15,1365521216.0,1363039934.0,1380060235.0,13549930.0,1370458285.4,10121724.737837736,341887181.0,340563554.0,345702085.0,5173182.0,344669751.26666665,7139016.089633715,767894.3305411082,759804.5167934282,769292.2076925738,7568.400361388922,765166.7086995107,5616.222660936807
1048576,4,nullhash,15,347514245.0,344617882.0,348176624.0249999,2718942.5,348215509.93333334,5667706.152759087,142472896.0,138541548.0,144373800.0,5096710.5,141944034.6,3153529.003093174,3017361.201984684,3011620.9388539023,3042720.8069255096,23710.663441771176,3012001.4854153544,47201.89344061773
1048576,4,sha256,15,947522095.0,943860596.0,955553627.0,15411523.0,952712010.8666667,11833483.452917252,290583763.0,289144623.0,292910275.0,3554452.5,291466450.46666664,6531460.516643435,1106650.7108733966,1097349.1914755716,1110943.7182183205,17844.981580258813,1100779.1268898232,13536.201915052527
1048576,4,sha3_256,15,1538319681.0,1532001836.0,1561678813.0,20449049.5,1544945650.6,16548805.047451686,387850883.0,381699516.0,389879930.574999,8002680.0,387545865.1333333,5192481.245477265,681637.251964665,671441.522591752,684448.2658962035,8978.350260875886,678785.6880570124,7186.695596721001
1048576,8,blake2s,15,1225656885.0,1222252008.0,1240927898.0,14596328.5,1231937623.8666666,13988334.732686667,198865691.0,197200012.0,200211266.0,2728262.5,198978939.93333334,2192842.964225354,855521.6495193922,844993.4937315753,857904.9108831573,10113.969537611003,851260.8636567029,9520.163413026436
1048576,8,nullhash,15,282994399.0,280979328.0,286800739.0,4512456.5,284266813.1333333,4833777.951918116,76295666.0,75199333.0,76914217.0,2022894.5,75840987.93333334,1460506.2231158789,3705288.881000079,3656113.312873995,3731861.726140936,58882.42631299188,3689678.991781546,61473.690360703535
1048576,8,sha256,15,810712826.0,806293853.0,817878044.0,12665293.0,813717267.5333333,9882369.577423465,152340586.0,151591382.0,153982788.0,1650621.5,152576107.0,1888547.227920597,1293400.0380549054,1282068.8948583636,1300488.6445537617,20109.419670460746,1288798.318891676,15337.348144328163
1048576,8,sha3_256,15,1378090446.0,1373253087.0,1382936519.0,10267806.5,1384798680.9333334,15972626.79485805,225034446.0,223678213.375,227133415.0,3729360.0,228269659.93333334,11412997.74715235,760890.5518818174,758224.2464449664,763570.8304073159,5661.759588986053,757297.3332058932,8609.652358450274
1048576,16,blake2s,15,1168735307.0,1166860390.0,1181120157.0,13377914.5,1174667319.2,10517715.960655507,140799860.0,140277495.0,142270670.0,2330442.0,142024379.13333333,2669479.626884768,897188.6052553387,887780.9711277325,898630.2123084321,10178.293572367169,892724.0667508417,7924.203423666748
1048576,16,nullhash,15,252688237.0,251859068.0,255978231.0,3215619.5,253465192.93333334,3354988.9305952042,48428875.0,47299193.0,49580980.0,1702599.5,49882276.46666667,5035910.855017716,4149682.6779475296,4096348.333620604,4163344.23980319,52408.39547487069,4137634.2225150634,54379.43713014131
1048576,16,sha256,15,753878860.0,750437309.0,762064068.0,10943349.0,757950678.2666667,10997205.288680727,96035441.0,94733257.0,96575404.0,1901656.5,96733944.0,2890555.2610040167,1390907.817736128,1375968.2998201668,1397286.6053225503,20040.42709964211,1383701.7057123356,19648.625673848626
1048576,16,sha3_256,15,1312945547.0,1309398325.0,1314686305.0,7116555.5,1313925611.8,5724018.366343053,157912214.0,157489824.0,158511747.0,982132.0,157922208.13333333,1060624.2003855135,798643.9364495594,797586.4630308141,800807.5006511101,4323.42732547957,798062.3259943889,3468.4851137419305
