transaction_count,branching_factor,hash_algorithm,metric,total_ns,interpreter_ns,cryptographic_ns,interpreter_fraction
4096,2,blake2s,build_total_ns,7377150.0,2574379.0,4802771.0,0.3489666063452688
4096,2,sha256,build_total_ns,5579288.0,2574379.0,3004909.0,0.46141711989056666
4096,2,sha3_256,build_total_ns,8694970.0,2574379.0,6120591.0,0.29607681222591914
4096,3,blake2s,build_total_ns,5932274.0,1892194.0,4040080.0,0.3189660491069698
4096,3,sha256,build_total_ns,4393823.0,1892194.0,2501629.0,0.43064866290699466
4096,3,sha3_256,build_total_ns,6820159.0,1892194.0,4927965.0,0.27744133237949437
4096,4,blake2s,build_total_ns,5556741.0,1651799.0,3904942.0,0.2972603905778585
4096,4,sha256,build_total_ns,3967772.0,1651799.0,2315973.0,0.4163039106077668
4096,4,sha3_256,build_total_ns,6208588.0,1651799.0,4556789.0,0.26605067045840375
4096,8,blake2s,build_total_ns,5228698.0,1379981.0,3848717.0,0.26392440336007167
4096,8,sha256,build_total_ns,3504207.0,1379981.0,2124226.0,0.3938069297846845
4096,8,sha3_256,build_total_ns,5896911.0,1379981.0,4516930.0,0.23401760684534667
4096,16,blake2s,build_total_ns,5106932.0,1257709.0,3849223.0,0.2462748671805303
4096,16,sha256,build_total_ns,3330715.0,1257709.0,2073006.0,0.3776093121146661
4096,16,sha3_256,build_total_ns,5482748.0,1257709.0,4225039.0,0.22939390976933466
16384,2,blake2s,build_total_ns,28789300.0,9212935.0,19576365.0,0.320012469910696
16384,2,sha256,build_total_ns,21980320.0,9212935.0,12767385.0,0.41914471672841885
16384,2,sha3_256,build_total_ns,34643870.0,9212935.0,25430935.0,0.265932616650507
16384,3,blake2s,build_total_ns,22478992.0,6621028.0,15857964.0,0.2945429225652111
16384,3,sha256,build_total_ns,16248306.0,6621028.0,9627278.0,0.40749035622544283
16384,3,sha3_256,build_total_ns,26401752.0,6621028.0,19780724.0,0.2507798724872501
16384,4,blake2s,build_total_ns,21124376.0,5736285.0,15388091.0,0.2715481394574685
16384,4,sha256,build_total_ns,14556787.0,5736285.0,8820502.0,0.39406257713326437
16384,4,sha3_256,build_total_ns,23772446.0,5736285.0,18036161.0,0.2412997383609579
16384,8,blake2s,build_total_ns,18987144.0,4771331.0,14215813.0,0.25129271679827153
16384,8,sha256,build_total_ns,12642031.0,4771331.0,7870700.0,0.3774180746748683
16384,8,sha3_256,build_total_ns,21252869.0,4771331.0,16481538.0,0.2245029129949467
16384,16,blake2s,build_total_ns,18092399.0,4422212.0,13670187.0,0.24442374944306722
16384,16,sha256,build_total_ns,11944751.0,4422212.0,7522539.0,0.3702222005297557
16384,16,sha3_256,build_total_ns,20210963.0,4422212.0,15788751.0,0.2188026369648987
65536,2,blake2s,build_total_ns,116797428.0,36824766.0,79972662.0,0.31528747362484727
65536,2,sha256,build_total_ns,89863534.0,36824766.0,53038768.0,0.40978541974545535
65536,2,sha3_256,build_total_ns,140887490.0,36824766.0,104062724.0,0.26137711730118834
65536,3,blake2s,build_total_ns,91174860.0,25667926.0,65506934.0,0.2815241613751861
65536,3,sha256,build_total_ns,66207756.0,25667926.0,40539830.0,0.3876875996220141
65536,3,sha3_256,build_total_ns,107027957.0,25667926.0,81360031.0,0.23982449744415846
65536,4,blake2s,build_total_ns,85195650.0,21790709.0,63404941.0,0.25577255411514555
65536,4,sha256,build_total_ns,59168566.0,21790709.0,37377857.0,0.3682818508733168
65536,4,sha3_256,build_total_ns,95995142.0,21790709.0,74204433.0,0.22699803912993846
65536,8,blake2s,build_total_ns,76591598.0,17776297.0,58815301.0,0.23209199787162033
65536,8,sha256,build_total_ns,50405382.0,17776297.0,32629085.0,0.3526666457958795
65536,8,sha3_256,build_total_ns,86006413.0,17776297.0,68230116.0,0.20668571540124572
65536,16,blake2s,build_total_ns,73074455.0,16063155.0,57011300.0,0.2198190188349677
65536,16,sha256,build_total_ns,47000569.0,16063155.0,30937414.0,0.34176511777974433
65536,16,sha3_256,build_total_ns,81921785.0,16063155.0,65858630.0,0.19607916258172353
262144,2,blake2s,build_total_ns,467997415.0,147274385.0,320723030.0,0.31469059503245334
262144,2,sha256,build_total_ns,358887441.0,147274385.0,211613056.0,0.41036371902465096
262144,2,sha3_256,build_total_ns,561977267.0,147274385.0,414702882.0,0.2620646663986855
262144,3,blake2s,build_total_ns,365522632.0,101592616.0,263930016.0,0.27793796363339823
262144,3,sha256,build_total_ns,266458939.0,101592616.0,164866323.0,0.38126931069105546
262144,3,sha3_256,build_total_ns,428715722.0,101592616.0,327123106.0,0.2369696532846071
262144,4,blake2s,build_total_ns,341558240.0,86790692.0,254767548.0,0.2541021759568734
262144,4,sha256,build_total_ns,236741534.0,86790692.0,149950842.0,0.36660526158455997
262144,4,sha3_256,build_total_ns,384347729.0,86790692.0,297557037.0,0.2258129434660976
262144,8,blake2s,build_total_ns,306646543.0,70312993.0,236333550.0,0.22929654550190054
262144,8,sha256,build_total_ns,202349457.0,70312993.0,132036464.0,0.34748298336179867
262144,8,sha3_256,build_total_ns,344070786.0,70312993.0,273757793.0,0.20435618442770087
262144,16,blake2s,build_total_ns,292038669.0,63623608.0,228415061.0,0.21786021768233713
262144,16,sha256,build_total_ns,188564480.0,63623608.0,124940872.0,0.33741035427244837
262144,16,sha3_256,build_total_ns,327136577.0,63623608.0,263512969.0,0.1944863780854441
1048576,2,blake2s,build_total_ns,1875294954.0,589711105.0,1285583849.0,0.31446312151704325
1048576,2,sha256,build_total_ns,1443951288.0,589711105.0,854240183.0,0.4084009688559522
1048576,2,sha3_256,build_total_ns,2254260032.0,589711105.0,1664548927.0,0.261598527511843
1048576,3,blake2s,build_total_ns,1463781283.0,409011283.0,1054770000.0,0.27942103629152637
1048576,3,sha256,build_total_ns,1061991509.0,409011283.0,652980226.0,0.3851361141155791
1048576,3,sha3_256,build_total_ns,1719737203.0,409011283.0,1310725920.0,0.23783359590436215
1048576,4,blake2s,build_total_ns,1365521216.0,347514245.0,1018006971.0,0.25449201442506186
1048576,4,sha256,build_total_ns,947522095.0,347514245.0,600007850.0,0.36676109911716626
1048576,4,sha3_256,build_total_ns,1538319681.0,347514245.0,1190805436.0,0.22590508935964138
1048576,8,blake2s,build_total_ns,1225656885.0,282994399.0,942662486.0,0.23089202407572654
1048576,8,sha256,build_total_ns,810712826.0,282994399.0,527718427.0,0.3490686096534015
1048576,8,sha3_256,build_total_ns,1378090446.0,282994399.0,1095096047.0,0.2053525585504277
1048576,16,blake2s,build_total_ns,1168735307.0,252688237.0,916047070.0,0.21620655719610257
1048576,16,sha256,build_total_ns,753878860.0,252688237.0,501190623.0,0.33518413953138304
1048576,16,sha3_256,build_total_ns,1312945547.0,252688237.0,1060257310.0,0.1924590380594055
4096,2,blake2s,build_internal_ns,3729595.0,1839270.0,1890325.0,0.49315542304191207
4096,2,sha256,build_internal_ns,3463568.0,1839270.0,1624298.0,0.5310333159331648
4096,2,sha3_256,build_internal_ns,4899371.0,1839270.0,3060101.0,0.3754094148003897
4096,3,blake2s,build_internal_ns,2048859.0,1011959.0,1036900.0,0.4939134415789471
4096,3,sha256,build_internal_ns,1912016.0,1011959.0,900057.0,0.5292628304365654
4096,3,sha3_256,build_internal_ns,2597463.0,1011959.0,1585504.0,0.3895951549646713
4096,4,blake2s,build_internal_ns,1608792.0,726179.0,882613.0,0.45138153347356275
4096,4,sha256,build_internal_ns,1362603.0,726179.0,636424.0,0.5329351249043192
4096,4,sha3_256,build_internal_ns,1874244.0,726179.0,1148065.0,0.38745168718694045
4096,8,blake2s,build_internal_ns,965882.0,406600.0,559282.0,0.42096239499234894
4096,8,sha256,build_internal_ns,739686.0,406600.0,333086.0,0.5496927074461325
4096,8,sha3_256,build_internal_ns,1150935.0,406600.0,744335.0,0.35327798702793817
4096,16,blake2s,build_internal_ns,704873.0,268803.0,436070.0,0.3813495480746177
4096,16,sha256,build_internal_ns,481079.0,268803.0,212276.0,0.5587502260543487
4096,16,sha3_256,build_internal_ns,788923.0,268803.0,520120.0,0.34072146457892594
16384,2,blake2s,build_internal_ns,13647269.0,6637052.0,7010217.0,0.48632821702276113
16384,2,sha256,build_internal_ns,12634868.0,6637052.0,5997816.0,0.5252965048784047
16384,2,sha3_256,build_internal_ns,17565032.0,6637052.0,10927980.0,0.3778559583609071
16384,3,blake2s,build_internal_ns,7347790.0,3765020.0,3582770.0,0.512401688126634
16384,3,sha256,build_internal_ns,6755560.0,3765020.0,2990540.0,0.5573216728146889
16384,3,sha3_256,build_internal_ns,9360882.0,3765020.0,5595862.0,0.4022078261428784
16384,4,blake2s,build_internal_ns,5971392.0,2651006.0,3320386.0,0.44395109214066
16384,4,sha256,build_internal_ns,4949397.0,2651006.0,2298391.0,0.5356220161769202
16384,4,sha3_256,build_internal_ns,6648261.0,2651006.0,3997255.0,0.39875179389016163
16384,8,blake2s,build_internal_ns,3582715.0,1441488.0,2141227.0,0.4023451488605708
16384,8,sha256,build_internal_ns,2787001.0,1441488.0,1345513.0,0.51721832894929
16384,8,sha3_256,build_internal_ns,4080631.0,1441488.0,2639143.0,0.3532512496229137
16384,16,blake2s,build_internal_ns,2585876.0,979676.0,1606200.0,0.3788565267630776
16384,16,sha256,build_internal_ns,1771798.0,979676.0,792122.0,0.5529275910685079
16384,16,sha3_256,build_internal_ns,2918262.0,979676.0,1938586.0,0.3357052930819783
65536,2,blake2s,build_internal_ns,54005855.0,24493263.0,29512592.0,0.4535297700591908
65536,2,sha256,build_internal_ns,50210765.0,24493263.0,25717502.0,0.48780899872766326
65536,2,sha3_256,build_internal_ns,69678783.0,24493263.0,45185520.0,0.35151680246768946
65536,3,blake2s,build_internal_ns,27968172.0,13297541.0,14670631.0,0.47545263237082497
65536,3,sha256,build_internal_ns,26075394.0,13297541.0,12777853.0,0.5099651034994908
65536,3,sha3_256,build_internal_ns,36147003.0,13297541.0,22849462.0,0.3678739562447266
65536,4,blake2s,build_internal_ns,22067972.0,9495723.0,12572249.0,0.43029431974990723
65536,4,sha256,build_internal_ns,18774796.0,9495723.0,9279073.0,0.5057697031701436
65536,4,sha3_256,build_internal_ns,24895113.0,9495723.0,15399390.0,0.3814291985740334
65536,8,blake2s,build_internal_ns,13041648.0,5420142.0,7621506.0,0.4156025373480407
65536,8,sha256,build_internal_ns,10467398.0,5420142.0,5047256.0,0.5178117809220592
65536,8,sha3_256,build_internal_ns,14742045.0,5420142.0,9321903.0,0.3676655443664702
65536,16,blake2s,build_internal_ns,9656398.0,3512744.0,6143654.0,0.36377373840639127
65536,16,sha256,build_internal_ns,6679232.0,3512744.0,3166488.0,0.5259203453331162
65536,16,sha3_256,build_internal_ns,10616155.0,3512744.0,7103411.0,0.3308866534070009
262144,2,blake2s,build_internal_ns,213398290.0,96343922.0,117054368.0,0.45147466739307046
262144,2,sha256,build_internal_ns,196813523.0,96343922.0,100469601.0,0.48951881218040083
262144,2,sha3_256,build_internal_ns,277226590.0,96343922.0,180882668.0,0.3475277100944754
262144,3,blake2s,build_internal_ns,109566565.0,50975481.0,58591084.0,0.46524668360279436
262144,3,sha256,build_internal_ns,102374378.0,50975481.0,51398897.0,0.49793202162361366
262144,3,sha3_256,build_internal_ns,141865050.0,50975481.0,90889569.0,0.35932374464323663
262144,4,blake2s,build_internal_ns,85742003.0,35882589.0,49859414.0,0.41849487700911303
262144,4,sha256,build_internal_ns,73267232.0,35882589.0,37384643.0,0.48974948309771005
262144,4,sha3_256,build_internal_ns,97146798.0,35882589.0,61264209.0,0.3693646083939895
262144,8,blake2s,build_internal_ns,50154129.0,19587132.0,30566997.0,0.39053877298915907
262144,8,sha256,build_internal_ns,38551287.0,19587132.0,18964155.0,0.5080798469840968
262144,8,sha3_256,build_internal_ns,56931186.0,19587132.0,37344054.0,0.3440492527241572
262144,16,blake2s,build_internal_ns,35802107.0,12681509.0,23120598.0,0.354211247958116
262144,16,sha256,build_internal_ns,24411664.0,12681509.0,11730155.0,0.5194856442395733
262144,16,sha3_256,build_internal_ns,39956491.0,12681509.0,27274982.0,0.3173829503696909
1048576,2,blake2s,build_internal_ns,854087132.0,379811169.0,474275963.0,0.4446983858785031
1048576,2,sha256,build_internal_ns,786398570.0,379811169.0,406587401.0,0.4829754064786766
1048576,2,sha3_256,build_internal_ns,1107036596.0,379811169.0,727225427.0,0.34308817827012467
1048576,3,blake2s,build_internal_ns,436895071.0,201715250.0,235179821.0,0.46170182130528087
1048576,3,sha256,build_internal_ns,407533628.0,201715250.0,205818378.0,0.49496590254387546
1048576,3,sha3_256,build_internal_ns,567462283.0,201715250.0,365747033.0,0.35546899951410516
1048576,4,blake2s,build_internal_ns,341887181.0,142472896.0,199414285.0,0.41672488445830325
1048576,4,sha256,build_internal_ns,290583763.0,142472896.0,148110867.0,0.49029888844821656
1048576,4,sha3_256,build_internal_ns,387850883.0,142472896.0,245377987.0,0.3673393622259718
1048576,8,blake2s,build_internal_ns,198865691.0,76295666.0,122570025.0,0.38365424229964334
1048576,8,sha256,build_internal_ns,152340586.0,76295666.0,76044920.0,0.5008229783230583
1048576,8,sha3_256,build_internal_ns,225034446.0,76295666.0,148738780.0,0.3390399441337083
1048576,16,blake2s,build_internal_ns,140799860.0,48428875.0,92370985.0,0.34395542012612795
1048576,16,sha256,build_internal_ns,96035441.0,48428875.0,47606566.0,0.5042812788249704
1048576,16,sha3_256,build_internal_ns,157912214.0,48428875.0,109483339.0,0.3066822620826531
