metric,hash_algorithm,branching_factor,mean_error_percent,sd_error_percent,cells
build_total_ns,blake2s,2,-0.2672512693557593,0.904442548295667,5
build_total_ns,blake2s,3,1.4065108214614046,2.012305363587896,5
build_total_ns,blake2s,4,-0.7541803966478332,1.9629788182141683,5
build_total_ns,blake2s,8,-1.9907599367322462,3.863617241057874,5
build_total_ns,blake2s,16,-2.4471975733199813,4.840571990633755,5
build_total_ns,sha256,2,-0.2158722577126441,1.0118371002167497,5
build_total_ns,sha256,3,0.09425666840758526,2.8960663512760143,5
build_total_ns,sha256,4,-0.5545762530266265,3.3063026312851043,5
build_total_ns,sha256,8,-1.154743955934994,4.436972523831925,5
build_total_ns,sha256,16,-1.6030648491721642,5.139207526180788,5
build_total_ns,sha3_256,2,0.020857932914402376,0.7680175744449476,5
build_total_ns,sha3_256,3,0.9887038351706788,1.1696425793225502,5
build_total_ns,sha3_256,4,1.2864919733496591,1.678461903744217,5
build_total_ns,sha3_256,8,-1.9446324923494582,4.088850273446732,5
build_total_ns,sha3_256,16,-2.355981671940632,3.1223081247437254,5
proof_verification_ns,blake2s,2,-1.2940509774449769,0.30368474809351736,5
proof_verification_ns,blake2s,3,4.164969625819319,0.4968375377527652,5
proof_verification_ns,blake2s,4,-0.9240068767543551,0.3737122673948843,5
proof_verification_ns,blake2s,8,-0.742385464516859,0.29849482255434306,5
proof_verification_ns,blake2s,16,0.105782944086029,0.4736587645049647,5
proof_verification_ns,sha256,2,0.4134174997140098,0.5453348325425799,5
proof_verification_ns,sha256,3,0.27269801027154117,0.8360887581187086,5
proof_verification_ns,sha256,4,-0.5581946725512849,0.37399187712815046,5
proof_verification_ns,sha256,8,-0.6231182246213297,0.4432924726764456,5
proof_verification_ns,sha256,16,0.43049729330625175,0.9847079648497447,5
proof_verification_ns,sha3_256,2,-2.2138040271281922,0.2578919478278865,5
proof_verification_ns,sha3_256,3,0.42900005905354427,0.8634373335102199,5
proof_verification_ns,sha3_256,4,5.799937280362611,0.39072283314800094,5
proof_verification_ns,sha3_256,8,1.3377745047644591,0.7682573446788817,5
proof_verification_ns,sha3_256,16,-2.407848390868993,0.8509432766799799,5
