transaction_count,branching_factor,hash_algorithm,observations,proof_generation_ns_median,proof_generation_ns_ci_lo,proof_generation_ns_ci_hi,proof_generation_ns_iqr,proof_generation_ns_mean,proof_generation_ns_sd,proof_verification_ns_median,proof_verification_ns_ci_lo,proof_verification_ns_ci_hi,proof_verification_ns_iqr,proof_verification_ns_mean,proof_verification_ns_sd
4096,2,blake2s,15,11386.783589975845,11297.10509650181,11504.600634282178,185.6384755180079,11432.787885913367,259.049533269633,10044.865063713592,10003.49414537713,10087.622919334188,78.33662328300852,10075.923503692398,109.75462630526425
4096,2,sha256,15,11331.019001831502,11276.95026299505,11428.095637077296,164.23008856105298,11365.254643505416,191.65940574337355,8800.057254728132,8789.25844972067,8880.805501662971,82.35472289580139,8889.859706679961,208.17843251741755
4096,2,sha3_256,15,11342.580967643467,11297.976049270072,11492.961175395858,207.84778285926404,11413.957457001678,209.65173117733437,12992.580123266564,12918.611683514777,13120.122269417476,176.67731099709817,13023.208741067112,181.0610228341583
4096,3,blake2s,15,8066.787302804558,8052.898250664305,8149.331456289027,86.77493348038388,8138.418363952253,167.1887457758329,7344.74635701275,7330.634676684882,7391.264957795432,48.852508230028434,7384.3483999005875,94.77473285953356
4096,3,sha256,15,8091.521557639524,8071.558868169991,8137.52184399118,63.7040681350918,8180.338845892826,220.68627952222022,6527.453319502075,6490.003763686132,6554.230710549259,64.89055321163596,6644.136905563166,382.56795564239434
4096,3,sha3_256,15,8079.337423647469,8046.926106770833,8102.764469103568,58.05718798752605,8100.972094172911,93.69246805242636,9478.24157546083,9449.72973549488,9581.894305889424,113.85322063570129,9515.904920216428,81.84681855459941
4096,4,blake2s,15,6498.249496336996,6479.336232311321,6562.679662379422,77.14009395642279,6534.293687447958,85.29507327457829,6769.035847107438,6743.268372407574,6793.728925711744,52.20506579252924,6785.298200030595,74.90051722959707
4096,4,sha256,15,6489.364853595256,6446.994730571848,6765.662582903464,215.8195864182935,6596.300744105151,239.83900310153868,5571.563151526433,5534.913253122704,5632.952415359207,79.24884619846125,5595.093776159104,87.0492567057451
4096,4,sha3_256,15,6552.990608564989,6485.954401663052,6583.233100661279,90.17044576739227,6577.361340006405,144.29548203953456,7705.300655241936,7690.072273406375,7732.615699791883,39.17481211008908,7840.997336233717,494.08535718538246
4096,8,blake2s,15,5000.622495883645,4956.712150301701,5108.01693101712,115.02412494556484,5056.458745194123,208.61576409787583,6457.877497918402,6448.3316681146825,6516.005319148936,50.14770529274119,6482.533485945068,50.16648651684149
4096,8,sha256,15,5003.039535984848,4968.015242080096,5091.522965758469,112.98323301309392,5024.982037893396,80.9488583644588,4926.668236877524,4906.7539262235205,4993.7467914908575,89.75111036644012,4959.356559183774,88.23178262579033
4096,8,sha3_256,15,4999.727272727273,4956.731000546747,5073.247319034853,96.39955411366827,5011.921613560295,67.95324799200897,7347.358698267565,7315.123297174571,7485.578794227188,140.18740746850472,7414.701038032211,149.08956205296676
4096,16,blake2s,15,4645.960290237467,4589.658093894304,4699.703681635725,109.73508728808702,4670.787131422091,137.23391065644486,7321.282927101968,7305.889446324952,7366.267537664783,54.36676696042923,7362.684889042778,107.10253369948124
4096,16,sha256,15,4595.900212314225,4569.986726804124,4756.562997159091,135.29417364791425,4640.009783870701,95.82623794872605,5061.26368045388,5056.988603209336,5098.237853517041,38.8549075082301,5083.551894429116,47.559574020414495
4096,16,sha3_256,15,4631.76664556962,4577.576773906409,4719.800673924313,106.44743866429326,4652.691909779232,96.10420248907758,8307.76100161987,8266.94463691796,8520.825373993095,210.84927838792646,8415.54131312617,253.348852204744
16384,2,blake2s,15,13203.738746537396,13144.058797393363,13343.986373546511,181.63002068988135,13271.133399395727,239.706173680097,11515.935999293786,11491.356317934782,11577.370010504204,79.66618840336014,11551.235476630907,97.40176775457657
16384,2,sha256,15,13117.46067232376,13091.25156641604,13194.895833333334,103.0113430385718,13148.956545079574,99.8016752989666,10142.87539308176,10133.904811381077,10200.506023153945,49.257810157110725,10216.398559792786,201.01663699161762
16384,2,sha3_256,15,13157.64875,13116.724397590362,13258.33581504702,102.62699951316063,13175.877218420503,111.87214798550757,14889.684753954303,14856.422807017543,15005.510108695653,130.3056381787028,14922.770721148541,98.40394483419624
16384,3,blake2s,15,8939.09513002944,8907.489018574297,9018.947691552064,100.7803278301617,8965.788989258219,82.13999902003411,8128.112756410256,8117.931793478261,8242.514637799564,80.2250219934649,8174.0420309212905,112.22408849460165
16384,3,sha256,15,8992.050110946746,8956.816955321285,9136.521365422395,144.44970834945707,9134.779344207374,337.0439154869038,7206.700510700389,7163.063869047619,7268.997658688866,110.29899060465141,7258.693883119613,145.41744182311268
16384,3,sha3_256,15,9010.392120672095,8929.827911793373,9037.274033757338,141.0554591222135,9018.643158594488,99.14327041722642,10397.441987597913,10395.136671177266,10582.723299319729,160.68111327502993,10472.76932499408,150.5978005709494
16384,4,blake2s,15,7372.33223421263,7314.869088520614,7408.539906580017,78.55148423050468,7399.622719379046,120.69343761638822,7709.707918848167,7683.607225956566,7776.231353255588,82.2114794910949,7780.276196829758,228.0253447656919
16384,4,sha256,15,7385.163,7353.435819070904,7403.189170040486,72.40019878877865,7385.087561290278,47.199642192719566,6344.656782511211,6331.542248307953,6394.730917366946,45.5111430214547,6359.282015251182,36.291091477894106
16384,4,sha3_256,15,7409.086036895675,7368.526972624799,7437.8415233415235,75.62123781015907,7470.92848810824,245.14599583549753,8793.717865566037,8766.579985549133,8822.902390710382,63.34460080086865,8814.750867543793,80.46804154450754
16384,8,blake2s,15,5988.361317334254,5953.353950777202,6036.801742473822,62.7955087587452,6012.339234095341,79.05828469881705,7356.256700554529,7341.023844254937,7440.881951045628,103.6671807608709,7403.65190254913,100.23056309864214
16384,8,sha256,15,5967.848641126392,5957.12604305741,6028.02502532073,70.31202484263395,5995.618436906371,64.34885407226542,5639.878337147216,5627.763100228659,5684.649289330218,43.97903662225872,5674.159839440505,89.41234284542321
16384,8,sha3_256,15,6010.894721673254,5960.851851851852,6045.411630794702,75.64317934051905,6044.426370369709,124.78924341689161,8321.050405480984,8305.39451803833,8375.851806133056,59.196939676206966,8364.662657395227,107.50612259576812
16384,16,blake2s,15,5600.827933591231,5553.225161737523,5650.683478860294,86.15611446184812,5618.253486785421,64.11360207154871,8314.040244807122,8294.140173796792,8383.334942326981,71.01540833646322,8332.804253544515,53.4723362831417
16384,16,sha256,15,5605.931331980012,5553.035380966952,5678.1142378826535,102.05601057710646,5679.3298857714835,229.02753894278786,5966.80161900757,5930.567768595041,6024.064341730038,89.80499710137792,5996.926612786877,104.69696838616014
16384,16,sha3_256,15,5630.987337360595,5591.521275765147,5716.093384740259,119.1315019808535,5657.462453313113,81.90390513123458,9389.036034688996,9385.839029338327,9432.088642857145,40.60695172362466,9412.270694778774,42.44734970118036
65536,2,blake2s,15,15098.144,15047.940789473683,15538.3395,373.04504499451286,15623.908729116898,1629.3068705268065,12973.03225465313,12964.882584485407,13018.00480030722,151.10095470296255,13064.914801225817,166.92848659192094
65536,2,sha256,15,15184.54017857143,15001.212797619048,15381.426185344828,337.14435446829157,15184.86287091502,210.77440768824525,11502.53931311018,11462.105801759131,11610.847514005602,105.09745265349193,11533.975114374078,84.7504891458844
65536,2,sha3_256,15,15138.921316964286,15050.08935546875,15213.370689655172,143.30335787465083,15153.733895361785,131.8725085896741,16780.951616795366,16752.199733527134,16862.13775,90.07211237878073,16845.44294742477,177.25121661592308
65536,3,blake2s,15,10919.349143026006,10892.375229498164,11027.947554021608,120.80041293098657,10965.705339863296,95.34716116076771,9515.945664739884,9493.716630025128,9597.012765643449,76.09061396318066,9575.320815199902,129.84847974971265
65536,3,sha256,15,11067.333431952662,10968.294258373206,11263.470263317193,275.30691726820805,11097.10641254127,149.37597226197929,8669.69089988426,8610.93337599545,8710.378101402373,106.01988692284249,8695.280858898484,104.5314207940589
65536,3,sha3_256,15,10994.547891566264,10932.994478798586,11032.581219806763,91.49967613307672,11007.76683448141,88.70390164464732,12521.028696136702,12485.449409448818,12640.58903213752,115.86611036735485,12590.22164216949,152.05764026823323
65536,4,blake2s,15,8447.864360465117,8422.78904826958,8538.873647430117,104.37352197458858,8481.53545345912,104.8513498664897,8622.480203619909,8604.935779185022,8629.456387362638,19.856029686798138,8625.534406558989,27.981999055540587
65536,4,sha256,15,8460.735933048432,8401.524631367292,8500.767622393472,77.25281219799035,8495.757300888925,153.54964318079453,7138.936770428016,7111.582781862745,7180.507054570896,51.396364881817135,7151.182035075698,57.018579422379005
65536,4,sha3_256,15,8457.18883809099,8431.822124197983,8588.730390401146,102.93839892068172,8524.276368500743,188.30871505473786,9860.671487603306,9834.7567394095,9903.17565309842,85.01796756138538,9886.604764523338,72.01730202341223
65536,8,blake2s,15,7197.306200787401,7163.644571203777,7331.913908305921,121.03048368976579,7314.11136905984,388.3419704799506,8498.115238611714,8480.248480662984,8701.078427189988,200.7330377720573,8586.613819942817,184.83061061669153
65536,8,sha256,15,7181.800455987312,7141.293804693715,7213.112029246795,65.85233361377595,7224.579613929603,141.07071442588028,6541.437171916011,6531.856989708404,6614.941941352739,81.95622803981587,6576.5826975858345,78.62821924893207
65536,8,sha3_256,15,7177.912539154268,7141.922132757266,7209.433572270228,60.27719302429614,7214.303557676745,157.03934733686373,9770.238508303675,9734.967088607596,9815.44103016688,71.7381340280026,9849.99040582719,215.02651913813594
65536,16,blake2s,15,5989.511151452282,5892.712371134021,6066.088004266873,162.59218858138775,6016.600285912632,163.34420902680276,9450.214848394768,9420.670357142855,9540.805898392651,85.524896285855,9491.076281023581,106.60194847513864
65536,16,sha256,15,5998.054769852424,5889.810305536799,6050.000255972696,136.8671975777197,5972.089149501599,80.0437717549815,6561.688572961373,6529.79393510453,6600.294186541738,57.731627939144346,6629.9469829071395,196.15231264975586
65536,16,sha3_256,15,5907.579131652661,5875.509850309704,5994.062407680945,101.21531765547752,5933.72539753043,60.72321042887947,10715.34236204576,10691.588075657895,10786.092672413792,75.13204277214936,10753.218826379825,99.18662597390986
262144,2,blake2s,15,18180.104166666668,17971.25568181818,18528.998161764703,419.440783060385,18285.64157150115,431.9949323741963,14475.689067725752,14436.750107388316,14533.290252483444,84.48746304433917,14506.047203614737,137.5301412879657
262144,2,sha256,15,18396.52822580645,18082.88068181818,18874.289772727272,773.1837121212084,18740.845146770556,1063.7830368128157,12833.811656671664,12798.735,12975.386754587156,167.81386016398756,12953.212509169183,243.75705187130734
262144,2,sha3_256,15,18375.32575757576,18150.547916666663,18722.74798387097,587.4721926930652,18401.34625238132,379.91816948378255,18776.20280612245,18724.882226980728,18830.17746746204,97.50159774243366,18780.998638667184,74.81423335114943
262144,3,blake2s,15,11936.94105489418,11891.716512148338,12199.923863636364,330.9159528842356,12090.601303605154,406.1047367136098,10431.07824427481,10387.95917535854,10471.84368221258,99.4677255586339,10476.743727160961,141.5104796194922
262144,3,sha256,15,11939.104788961038,11861.718931538242,12000.387649800266,147.377497570762,11916.406295905985,102.44345441413442,9388.650998212155,9342.765986503857,9474.030950239809,119.98203415888929,9449.63535819403,161.40251480700258
262144,3,sha3_256,15,11884.44594370861,11871.566730523627,11937.815104166666,55.24285238443372,11960.370886078941,274.73647708995645,13537.9426369863,13519.728265391015,13602.595971563982,67.32894104045226,13563.96310001705,74.74470609932173
262144,4,blake2s,15,9334.841180203046,9267.48491598778,9366.490799492383,85.81805084533698,9344.920653129248,103.97746505740552,9566.922977493918,9550.613523391812,9600.544972324724,47.199776947793,9588.069175591674,57.59956228142061
262144,4,sha256,15,9362.137247474748,9298.879504504504,9409.338600307065,90.15884901140453,9366.408121596376,78.4190995128942,7937.986759538153,7914.728874190065,8018.184009824198,73.08032175614153,8001.312647030763,183.61206497570012
262144,4,sha3_256,15,9347.36600112486,9306.939781947262,9492.381791986829,135.89334142793632,9423.319564835349,208.97780605567178,10943.246030405406,10911.66913231383,11082.80743691899,129.37557277574524,11064.47317166365,281.8674337724803
262144,8,blake2s,15,7391.395293609672,7370.138918744626,7435.6868850626115,67.47511259074781,7401.774580324349,70.45679861397012,9055.283426966293,9025.361292613636,9159.688547904192,110.15510667702983,9097.585805201896,110.08266809013708
262144,8,sha256,15,7370.998289136014,7297.5246326707,7441.24603426396,123.19125926512424,7371.2879023640335,102.82952899553237,6857.42690026362,6836.103762135922,6904.145260989011,63.18158208290242,6895.002307937385,111.20971187193608
262144,8,sha3_256,15,7406.154046997389,7356.351641949152,7504.316163793103,146.31793297700278,7453.757462163621,170.41891467319198,10301.454156288915,10256.279307432433,10464.443378712873,202.6422654942853,10425.182399833708,317.71011158316566
262144,16,blake2s,15,7004.28878600823,6957.771161417323,7051.812855691057,77.00487966268065,7006.944424341512,47.7629711647718,10319.427228192162,10303.435591603053,10336.28185173299,27.89822444488891,10375.254087665313,191.788741417387
262144,16,sha256,15,6995.650204918033,6928.394015330188,7040.408353127475,102.791445594361,7009.424161882233,123.98341774105836,7277.067034313725,7266.868507226739,7338.048451008645,54.866179799510974,7312.829798338609,74.71011227944797
262144,16,sha3_256,15,7040.2296141607,6985.844972067039,7089.9939,82.42114687567846,7145.4836669910055,445.4436243466721,11696.78966346154,11690.483868124118,11786.356128808864,86.36062881056023,11760.00920878686,156.8376737759914
1048576,2,blake2s,15,18637.63444368132,18537.51164874552,18749.526833333333,189.1834460283244,18743.027153998653,432.4751504926388,15999.810340447157,15956.574003795067,16111.904802123552,110.03362296379782,16053.326411181102,190.59156523939672
1048576,2,sha256,15,18603.13168449198,18488.375333333333,18797.240569526628,217.91697638541882,18721.28044007859,391.81436885534265,14227.497382198952,14139.034479166668,14429.498561946904,252.45866255674628,14337.426625132997,309.0067077753167
1048576,2,sha3_256,15,18586.09390470297,18529.26102941177,18716.16151494565,133.81278873527845,18612.951847853295,169.30622521083046,20734.04609188544,20685.05208333333,20857.980343980344,153.8630223292239,20856.174114471498,306.5937941225337
1048576,3,blake2s,15,16591.721590909092,16373.681818181818,17115.954545454544,719.0028409090919,17092.638636363637,2001.109136922152,11197.389266304348,11186.89972089314,11256.496626984126,56.12129013904632,11226.454602311604,65.86495260361283
1048576,3,sha256,15,16446.40625,16144.767045454546,17333.579545454544,1136.8380681818162,16863.443013468015,976.8518495743787,10186.143722865412,10104.857358870968,10445.6018129771,270.1819460127972,10527.879573996284,1192.7863999343422
1048576,3,sha3_256,15,16314.75,16059.02840909091,17023.260416666668,1032.144412878788,16542.50183080808,562.8987472666917,14682.707976190475,14599.089894106814,14830.308601871102,178.35762898627036,14729.20523535093,150.0952194711956
1048576,4,blake2s,15,10259.734548226164,10233.048329682366,10342.155935050392,99.45459355747334,10325.362603168458,195.21676924920004,10530.73865089514,10491.122104904633,10578.661218791063,81.1623133120629,10557.16283972383,112.23202184264936
1048576,4,sha256,15,10290.1765813253,10275.544386061949,10390.381858902576,94.96592071179657,10326.359934785705,162.74800386905284,8701.128987819025,8687.831599201825,8798.857224118316,96.12543383497177,8787.087647132468,222.55878144263784
1048576,4,sha3_256,15,10326.857779097389,10268.29723917869,10429.163853236609,150.55023753552814,10407.246875772556,278.8221968977919,12032.20167824074,11985.256322254336,12108.720796130952,121.28284652683033,12080.88589028492,141.28879491277513
1048576,8,blake2s,15,8314.40821201092,8264.027156365313,8389.026183970856,128.83418908657404,8371.815971529466,183.21641583652286,10016.648533950618,10005.061549429658,10085.88382985258,64.41997468366571,10176.02331176841,422.8505723949414
1048576,8,sha256,15,8298.889569842739,8250.345343806921,8365.278907678245,105.73987305788069,8466.674796383686,458.4230054901167,7669.381674151697,7657.2936518324605,7787.939819587629,102.47476238000309,7724.499315233698,117.63942859616286
1048576,8,sha3_256,15,8293.344408799267,8248.195518653321,8322.10602785783,62.28505046079226,8310.0408309991,84.32208797712065,11357.61551966292,11326.308802308802,11479.39487044818,120.51724636307699,11442.216519650296,226.32964064491296
1048576,16,blake2s,15,7383.716137123746,7320.792888109001,7452.398198011599,118.29929765265115,7391.284293824386,87.24855993335159,11460.5681352459,11429.805506373938,11564.229138166897,102.42398097368277,11501.147410230891,93.39966769166305
1048576,16,sha256,15,7341.508230671198,7317.938323723229,7463.82487113402,117.24787903441393,7414.573971119312,174.39624384059115,7904.137908324552,7884.615409707724,7937.861898194584,49.932656293039145,7951.61410996125,123.23941845070105
1048576,16,sha3_256,15,7351.887872208436,7340.853062913908,7480.137067875211,186.05322364139374,7431.864062076641,243.23037544612995,12989.968129770992,12981.073837209302,13097.66049651568,90.42900678497244,13073.62290601063,187.47440111098706
