transaction_count,branching_factor,serialized_min,serialized_median,serialized_mean,serialized_max,siblings_min,siblings_median,siblings_mean,siblings_max
4096,2,411,411.0,411.0,411,12,12.0,12.0,12
4096,3,307,499.0,495.0859375,499,9,15.0,14.877685546875,15
4096,4,591,591.0,591.0,591,18,18.0,18.0,18
4096,8,907,907.0,907.0,907,28,28.0,28.0,28
4096,16,1449,1449.0,1449.0,1449,45,45.0,45.0,45
16384,2,479,479.0,479.0,479,14,14.0,14.0,14
16384,3,309,597.0,587.5546875,597,9,18.0,17.704833984375,18
16384,4,689,689.0,689.0,689,21,21.0,21.0,21
16384,8,1005,1005.0,1005.0,1005,31,31.0,31.0,31
16384,16,1547,1547.0,1547.0,1547,48,48.0,48.0,48
65536,2,547,547.0,547.0,547,16,16.0,16.0,16
65536,3,377,697.0,684.3154296875,697,11,21.0,20.603607177734375,21
65536,4,787,787.0,787.0,787,24,24.0,24.0,24
65536,8,1167,1167.0,1167.0,1167,36,36.0,36.0,36
65536,16,1931,1931.0,1931.0,1931,60,60.0,60.0,60
262144,2,615,615.0,615.0,615,18,18.0,18.0,18
262144,3,379,763.0,747.870361328125,763,11,23.0,22.527198791503906,23
262144,4,885,885.0,885.0,885,27,27.0,27.0,27
262144,8,1359,1359.0,1359.0,1359,42,42.0,42.0,42
262144,16,2029,2029.0,2029.0,2029,63,63.0,63.0,63
1048576,2,683,683.0,683.0,683,20,20.0,20.0,20
1048576,3,445,829.0,828.6295776367188,829,13,25.0,24.98842430114746,25
1048576,4,983,983.0,983.0,983,30,30.0,30.0,30
1048576,8,1457,1457.0,1457.0,1457,45,45.0,45.0,45
1048576,16,2413,2413.0,2413.0,2413,75,75.0,75.0,75
