transaction_count,branching_factor,index_design,leaf_count,mean_serialized_bytes,mean_verification_hash_calls,mean_verification_hashed_bytes,serialized_bytes_percent_vs_uniform,verification_hash_calls_percent_vs_uniform,verification_hashed_bytes_percent_vs_uniform
4096,3,boundary_enriched_sample,16,475.0,9.0,993.0,-4.0570608006817,0.0,-1.98264893001735
4096,3,mandatory_boundary_leaves,5,447.8,9.0,965.8,-9.551056476937402,0.0,-4.667514941199158
4096,3,uniform_leaf_population,4096,495.0859375,9.0,1013.0859375,0.0,0.0,0.0
16384,3,boundary_enriched_sample,16,547.0,10.0,1098.0,-6.902283032164558,0.0,-3.56194462551892
16384,3,mandatory_boundary_leaves,5,494.6,10.0,1045.6,-15.820601805682976,0.0,-8.164270765430414
16384,3,uniform_leaf_population,16384,587.5546875,10.0,1138.5546875,0.0,0.0,0.0
65536,3,boundary_enriched_sample,16,637.0,12.0,1254.0,-6.914271932916538,0.0,-3.6359693129022874
65536,3,mandatory_boundary_leaves,5,581.8,12.0,1198.8,-14.980727489122202,0.0,-7.877830950803244
65536,3,uniform_leaf_population,65536,684.3154296875,12.0,1301.3154296875,0.0,0.0,0.0
262144,3,boundary_enriched_sample,16,703.0,13.0,1353.0,-5.999751246785712,0.0,-3.209908627398994
262144,3,mandatory_boundary_leaves,5,647.8,13.0,1297.8,-13.380709612614206,0.0,-7.158772665660329
262144,3,uniform_leaf_population,262144,747.870361328125,13.0,1397.870361328125,0.0,0.0,0.0
1048576,3,boundary_enriched_sample,16,785.0,14.0,1468.0,-5.2652691641966065,0.0,-2.886261176824101
1048576,3,mandatory_boundary_leaves,5,688.2,14.0,1371.2,-16.947207947516052,0.0,-9.289946407126159
1048576,3,uniform_leaf_population,1048576,828.6295776367188,14.0,1511.6295776367188,0.0,0.0,0.0
