hypothesis,transaction_count,hash_algorithm,metric,numerator_k,denominator_k,blocks,ratio_median,ratio_ci_lo,ratio_ci_hi,percent_change,ci_excludes_1,bootstrap_samples,bootstrap_seed
H1,4096,blake2s,build_total_ns,3,2,15,0.8200577346366711,0.7951956617136411,0.82417600292796,-17.994226536332892,True,10000,20260924
H1,4096,blake2s,build_total_ns,4,2,15,0.7668162055380158,0.7523589455684152,0.777009793185989,-23.318379446198424,True,10000,20260924
H1,4096,blake2s,build_total_ns,8,2,15,0.7095527546021876,0.7038063956341526,0.7215590432080968,-29.044724539781242,True,10000,20260924
H1,4096,blake2s,build_total_ns,16,2,15,0.681105585194394,0.6753089495897932,0.7040813882909077,-31.8894414805606,True,10000,20260924
H1,4096,sha256,build_total_ns,3,2,15,0.7821523866640037,0.76805802694365,0.791803983045095,-21.784761333599633,True,10000,20260924
H1,4096,sha256,build_total_ns,4,2,15,0.7074649700986092,0.7010957512824273,0.7214847127447086,-29.25350299013908,True,10000,20260924
H1,4096,sha256,build_total_ns,8,2,15,0.6258953372634012,0.6225166523992716,0.6345747087098325,-37.41046627365988,True,10000,20260924
H1,4096,sha256,build_total_ns,16,2,15,0.5994838705961568,0.5870747275202416,0.6136918719867782,-40.05161294038432,True,10000,20260924
H1,4096,sha3_256,build_total_ns,3,2,15,0.7849120870020613,0.7825422631196688,0.7924835853372697,-21.508791299793874,True,10000,20260924
H1,4096,sha3_256,build_total_ns,4,2,15,0.7175646416455153,0.714043636723301,0.7412896482389162,-28.243535835448476,True,10000,20260924
H1,4096,sha3_256,build_total_ns,8,2,15,0.6771393115789933,0.6562488160652995,0.6901529521120014,-32.28606884210067,True,10000,20260924
H1,4096,sha3_256,build_total_ns,16,2,15,0.630301255436128,0.6279719193970767,0.662610886292239,-36.969874456387195,True,10000,20260924
H1,16384,blake2s,build_total_ns,3,2,15,0.7818320032273341,0.7805255844356896,0.7851943771308315,-21.816799677266584,True,10000,20260924
H1,16384,blake2s,build_total_ns,4,2,15,0.7358583516401197,0.7273725199393761,0.7422017422833712,-26.41416483598803,True,10000,20260924
H1,16384,blake2s,build_total_ns,8,2,15,0.6621425615846602,0.6578203882244147,0.6791988139492535,-33.78574384153398,True,10000,20260924
H1,16384,blake2s,build_total_ns,16,2,15,0.6311669913228263,0.6291399481527985,0.6369348272466928,-36.883300867717374,True,10000,20260924
H1,16384,sha256,build_total_ns,3,2,15,0.7329723212371512,0.729854666718679,0.7409279521909005,-26.702767876284884,True,10000,20260924
H1,16384,sha256,build_total_ns,4,2,15,0.6544518844773808,0.6467918119481427,0.6631144280524135,-34.554811552261924,True,10000,20260924
H1,16384,sha256,build_total_ns,8,2,15,0.5726278841594247,0.5662925475763815,0.5808597779080689,-42.73721158405753,True,10000,20260924
H1,16384,sha256,build_total_ns,16,2,15,0.5428160452761859,0.5335120173349283,0.5456313711733644,-45.71839547238141,True,10000,20260924
H1,16384,sha3_256,build_total_ns,3,2,15,0.7655833196464483,0.7477659499418213,0.7714691790946421,-23.441668035355168,True,10000,20260924
H1,16384,sha3_256,build_total_ns,4,2,15,0.6837730237985328,0.6776294457710739,0.6929082855440515,-31.622697620146724,True,10000,20260924
H1,16384,sha3_256,build_total_ns,8,2,15,0.6127996206565831,0.6103423067580518,0.6202946857173678,-38.72003793434169,True,10000,20260924
H1,16384,sha3_256,build_total_ns,16,2,15,0.5864716785704363,0.5827535610288586,0.5902895843290583,-41.35283214295637,True,10000,20260924
H1,65536,blake2s,build_total_ns,3,2,15,0.7801528814487251,0.779107406649066,0.7828501701598353,-21.984711855127493,True,10000,20260924
H1,65536,blake2s,build_total_ns,4,2,15,0.7284134544469593,0.7277522306730078,0.7304401231903869,-27.158654555304075,True,10000,20260924
H1,65536,blake2s,build_total_ns,8,2,15,0.6552616653330654,0.6537619696270355,0.6575737271986049,-34.47383346669346,True,10000,20260924
H1,65536,blake2s,build_total_ns,16,2,15,0.6239381848752172,0.6225264549073578,0.6274404675407835,-37.60618151247827,True,10000,20260924
H1,65536,sha256,build_total_ns,3,2,15,0.736758872625686,0.7340456401363347,0.7389935169682758,-26.324112737431406,True,10000,20260924
H1,65536,sha256,build_total_ns,4,2,15,0.6565605688287309,0.6459331494805709,0.6602837237460779,-34.343943117126905,True,10000,20260924
H1,65536,sha256,build_total_ns,8,2,15,0.5592016779576018,0.5560916073235833,0.5626824720896152,-44.07983220423982,True,10000,20260924
H1,65536,sha256,build_total_ns,16,2,15,0.5221239475428964,0.5157972587542314,0.5268730107584003,-47.78760524571036,True,10000,20260924
H1,65536,sha3_256,build_total_ns,3,2,15,0.7594254039162739,0.7577047613552577,0.7612414458100659,-24.05745960837261,True,10000,20260924
H1,65536,sha3_256,build_total_ns,4,2,15,0.6824770228295554,0.6781160861051968,0.6853340577280604,-31.752297717044463,True,10000,20260924
H1,65536,sha3_256,build_total_ns,8,2,15,0.6104330041284125,0.6084552848037372,0.6122430767308236,-38.95669958715875,True,10000,20260924
H1,65536,sha3_256,build_total_ns,16,2,15,0.581469547083279,0.5802181705158187,0.5846537499346984,-41.853045291672096,True,10000,20260924
H1,262144,blake2s,build_total_ns,3,2,15,0.7800218445053416,0.7770147214552909,0.7829800927317322,-21.997815549465837,True,10000,20260924
H1,262144,blake2s,build_total_ns,4,2,15,0.7299015842662939,0.7249431567406897,0.7314581264047737,-27.009841573370608,True,10000,20260924
H1,262144,blake2s,build_total_ns,8,2,15,0.6546254762122425,0.6498986594569005,0.6563955758276765,-34.53745237877575,True,10000,20260924
H1,262144,blake2s,build_total_ns,16,2,15,0.6236452363416037,0.620545331379586,0.6248123356129417,-37.63547636583963,True,10000,20260924
H1,262144,sha256,build_total_ns,3,2,15,0.7412829600156232,0.7331859028209181,0.7418247705765291,-25.871703998437678,True,10000,20260924
H1,262144,sha256,build_total_ns,4,2,15,0.6570002812721667,0.6533655558035099,0.660613695045039,-34.29997187278333,True,10000,20260924
H1,262144,sha256,build_total_ns,8,2,15,0.5637172132088322,0.5606187620781082,0.565114451210499,-43.62827867911678,True,10000,20260924
H1,262144,sha256,build_total_ns,16,2,15,0.5243605940128361,0.5197589986398995,0.5277392093163268,-47.56394059871639,True,10000,20260924
H1,262144,sha3_256,build_total_ns,3,2,15,0.762581863664293,0.7572050746392223,0.7657120737179043,-23.741813633570697,True,10000,20260924
H1,262144,sha3_256,build_total_ns,4,2,15,0.6836675078681825,0.6820519293467691,0.7014668477279126,-31.633249213181745,True,10000,20260924
H1,262144,sha3_256,build_total_ns,8,2,15,0.6102470062591264,0.6086195875243939,0.6153076045431782,-38.975299374087356,True,10000,20260924
H1,262144,sha3_256,build_total_ns,16,2,15,0.5813499705436995,0.5803777713813147,0.5858466577097718,-41.865002945630046,True,10000,20260924
H1,1048576,blake2s,build_total_ns,3,2,15,0.7812757616724001,0.7782664729598586,0.783504682602481,-21.872423832759992,True,10000,20260924
H1,1048576,blake2s,build_total_ns,4,2,15,0.7303488265578165,0.7261422093070912,0.7344682382196903,-26.96511734421835,True,10000,20260924
H1,1048576,blake2s,build_total_ns,8,2,15,0.6567357605549499,0.6514271372244764,0.6590518299595535,-34.32642394450502,True,10000,20260924
H1,1048576,blake2s,build_total_ns,16,2,15,0.6251750930752643,0.6242043352078084,0.6265755029576614,-37.48249069247357,True,10000,20260924
H1,1048576,sha256,build_total_ns,3,2,15,0.7350713013903445,0.7228902994353702,0.7440403002407933,-26.492869860965552,True,10000,20260924
H1,1048576,sha256,build_total_ns,4,2,15,0.6572211914223662,0.651100427926777,0.6616292842011727,-34.27788085776338,True,10000,20260924
H1,1048576,sha256,build_total_ns,8,2,15,0.5633951115683743,0.5555902573738787,0.5650493334175667,-43.66048884316257,True,10000,20260924
H1,1048576,sha256,build_total_ns,16,2,15,0.5227357364116806,0.5145108422610871,0.5284393411328849,-47.726426358831944,True,10000,20260924
H1,1048576,sha3_256,build_total_ns,3,2,15,0.763502188055301,0.7624821655889608,0.7661311003413376,-23.6497811944699,True,10000,20260924
H1,1048576,sha3_256,build_total_ns,4,2,15,0.6818474306055834,0.6810790837710894,0.6844386290575455,-31.81525693944166,True,10000,20260924
H1,1048576,sha3_256,build_total_ns,8,2,15,0.6110813438303612,0.6087388910530941,0.6150764859279214,-38.891865616963884,True,10000,20260924
H1,1048576,sha3_256,build_total_ns,16,2,15,0.5821730348087795,0.5799093900122758,0.5834879489355609,-41.782696519122055,True,10000,20260924
H3,4096,blake2s,proof_verification_ns,8,2,15,0.643602053445248,0.6403330601319877,0.6456759187241572,-35.6397946554752,True,10000,20260924
H3,4096,blake2s,proof_verification_ns,8,4,15,0.9551672517672091,0.9498432809272666,0.9589358945530371,-4.483274823279093,True,10000,20260924
H3,4096,blake2s,proof_verification_ns,8,16,15,0.8832452715572476,0.8788939891156284,0.8875422189720888,-11.675472844275237,True,10000,20260924
H3,4096,sha256,proof_verification_ns,8,2,15,0.5573234751909225,0.5546933213451938,0.5668106099660695,-44.26765248090775,True,10000,20260924
H3,4096,sha256,proof_verification_ns,8,4,15,0.8857477301557569,0.8814893674964175,0.8959677636045295,-11.425226984424308,True,10000,20260924
H3,4096,sha256,proof_verification_ns,8,16,15,0.9730265792773416,0.9681145075656563,0.9858372107640373,-2.6973420722658403,True,10000,20260924
H3,4096,sha3_256,proof_verification_ns,8,2,15,0.5677675982358145,0.5634414012792399,0.5760430097636904,-43.22324017641856,True,10000,20260924
H3,4096,sha3_256,proof_verification_ns,8,4,15,0.9510094786800691,0.9467616998965864,0.9747899891379475,-4.899052131993087,True,10000,20260924
H3,4096,sha3_256,proof_verification_ns,8,16,15,0.8860503060508006,0.8807997146856661,0.8974667597690031,-11.39496939491994,True,10000,20260924
H3,16384,blake2s,proof_verification_ns,8,2,15,0.6399610046567352,0.6376264412778473,0.6449534968160847,-36.00389953432648,True,10000,20260924
H3,16384,blake2s,proof_verification_ns,8,4,15,0.955381796027096,0.9526169373593457,0.9635826456713991,-4.461820397290395,True,10000,20260924
H3,16384,blake2s,proof_verification_ns,8,16,15,0.885788744637069,0.8840283935552458,0.8933374115543586,-11.421125536293097,True,10000,20260924
H3,16384,sha256,proof_verification_ns,8,2,15,0.555362371319991,0.5545001018985956,0.5573840922066259,-44.4637628680009,True,10000,20260924
H3,16384,sha256,proof_verification_ns,8,4,15,0.8889177981531345,0.8875785519301544,0.8933579410251375,-11.108220184686546,True,10000,20260924
H3,16384,sha256,proof_verification_ns,8,16,15,0.948979866073251,0.9462110878930774,0.9516035004051356,-5.102013392674898,True,10000,20260924
H3,16384,sha3_256,proof_verification_ns,8,2,15,0.5586893715227381,0.5575251132195057,0.5614801258639872,-44.131062847726184,True,10000,20260924
H3,16384,sha3_256,proof_verification_ns,8,4,15,0.9480386019739676,0.946687626150567,0.9504274609259702,-5.1961398026032395,True,10000,20260924
H3,16384,sha3_256,proof_verification_ns,8,16,15,0.8860185042558426,0.8846668978629983,0.886976453199087,-11.39814957441574,True,10000,20260924
H3,65536,blake2s,proof_verification_ns,8,2,15,0.6545767285501324,0.6510990274784269,0.6649201924565273,-34.542327144986764,True,10000,20260924
H3,65536,blake2s,proof_verification_ns,8,4,15,0.9875957379181202,0.9820362227630305,1.0089598822568118,-1.2404262081879835,False,10000,20260924
H3,65536,blake2s,proof_verification_ns,8,16,15,0.8997159570266118,0.8960828309457016,0.9079280479861349,-10.028404297338822,True,10000,20260924
H3,65536,sha256,proof_verification_ns,8,2,15,0.5697164898318294,0.5659080577455646,0.5710854945783606,-43.028351016817055,True,10000,20260924
H3,65536,sha256,proof_verification_ns,8,4,15,0.9187003860099229,0.9159752746600852,0.9253335939567643,-8.129961399007712,True,10000,20260924
H3,65536,sha256,proof_verification_ns,8,16,15,0.9980884077373243,0.9892397254342643,1.0032097260192858,-0.19115922626756765,False,10000,20260924
H3,65536,sha3_256,proof_verification_ns,8,2,15,0.5807872772856943,0.5801200856132775,0.5838336002065547,-41.92127227143057,True,10000,20260924
H3,65536,sha3_256,proof_verification_ns,8,4,15,0.9911298888748431,0.9850376650049814,0.9971788106902677,-0.8870111125156899,True,10000,20260924
H3,65536,sha3_256,proof_verification_ns,8,16,15,0.911892070533618,0.909532534366368,0.9160878365779266,-8.810792946638202,True,10000,20260924
H3,262144,blake2s,proof_verification_ns,8,2,15,0.6255743820497505,0.62233939211575,0.629741547084561,-37.44256179502495,True,10000,20260924
H3,262144,blake2s,proof_verification_ns,8,4,15,0.9445657547173624,0.9423698498237393,0.9483478271976633,-5.543424528263763,True,10000,20260924
H3,262144,blake2s,proof_verification_ns,8,16,15,0.8763103524065358,0.8739370406780839,0.8826368338656998,-12.368964759346424,True,10000,20260924
H3,262144,sha256,proof_verification_ns,8,2,15,0.5338040483237199,0.5288908164860281,0.5354158926653437,-46.61959516762801,True,10000,20260924
H3,262144,sha256,proof_verification_ns,8,4,15,0.8625910286354405,0.8598304719304064,0.8670861452552299,-13.740897136455954,True,10000,20260924
H3,262144,sha256,proof_verification_ns,8,16,15,0.9404938823009488,0.9394037089257913,0.9424102910962956,-5.950611769905123,True,10000,20260924
H3,262144,sha3_256,proof_verification_ns,8,2,15,0.548916352575776,0.5468885183025824,0.5545014921065821,-45.1083647424224,True,10000,20260924
H3,262144,sha3_256,proof_verification_ns,8,4,15,0.9407216197648607,0.9322782321721981,0.9492162551432867,-5.927838023513932,True,10000,20260924
H3,262144,sha3_256,proof_verification_ns,8,16,15,0.8786989253022857,0.8762081607392416,0.8811402011993194,-12.130107469771435,True,10000,20260924
H3,1048576,blake2s,proof_verification_ns,8,2,15,0.625631940963535,0.6247788250854895,0.628684731373735,-37.436805903646494,True,10000,20260924
H3,1048576,blake2s,proof_verification_ns,8,4,15,0.9519998274057588,0.9468729857950142,0.9551053222064462,-4.800017259424116,True,10000,20260924
H3,1048576,blake2s,proof_verification_ns,8,16,15,0.8755065932718398,0.8717633877909668,0.8771485186647225,-12.449340672816023,True,10000,20260924
H3,1048576,sha256,proof_verification_ns,8,2,15,0.5409399589001276,0.5359501882092949,0.542324329403361,-45.906004109987244,True,10000,20260924
H3,1048576,sha256,proof_verification_ns,8,4,15,0.8816003059790074,0.876638248855126,0.8827728284761301,-11.83996940209926,True,10000,20260924
H3,1048576,sha256,proof_verification_ns,8,16,15,0.9721533581063134,0.9689961365000607,0.9741399709915016,-2.7846641893686574,True,10000,20260924
H3,1048576,sha3_256,proof_verification_ns,8,2,15,0.5470601238024227,0.5445204337144935,0.5481983343149412,-45.29398761975772,True,10000,20260924
H3,1048576,sha3_256,proof_verification_ns,8,4,15,0.9447171901136935,0.9427833864431326,0.9476108350442978,-5.528280988630652,True,10000,20260924
H3,1048576,sha3_256,proof_verification_ns,8,16,15,0.8727199915940156,0.8675401108568306,0.874108330646802,-12.72800084059844,True,10000,20260924
